Age,Sex,Location,Year,Mortality,2015,2016,2017,2018,2019,Mean_Mortality,STD,Z-Score(95%),Conf_interval,Lower_bound_Mean_mortality,Upper_bound_Mean_mortality,Excess_mortality_Mean,Excess_mortality_fluc,P_Score,P_score_fluctuation,Mean Mortality ±,Excess Mortality ±,P_score ±
(40-44),Female,Blagoevgrad,2020,13,187.0,169.0,181.0,194.0,178.0,184.2,8.4,1.96,7.4,176.79999999999998,191.6,-171.2,7.4,-92.9,0.3,184.2 (±7.4),-171.2 (±7.4),-92.9% (±0.3%)
(45-49),Female,Blagoevgrad,2020,19,187.0,169.0,181.0,194.0,178.0,184.2,8.4,1.96,7.4,176.79999999999998,191.6,-165.2,7.4,-89.7,0.4,184.2 (±7.4),-165.2 (±7.4),-89.7% (±0.4%)
(50-54),Female,Blagoevgrad,2020,35,187.0,169.0,181.0,194.0,178.0,184.2,8.4,1.96,7.4,176.79999999999998,191.6,-149.2,7.4,-81.0,0.7,184.2 (±7.4),-149.2 (±7.4),-81.0% (±0.7%)
(55-59),Female,Blagoevgrad,2020,77,187.0,169.0,181.0,194.0,178.0,184.2,8.4,1.96,7.4,176.79999999999998,191.6,-107.2,7.4,-58.2,1.6,184.2 (±7.4),-107.2 (±7.4),-58.2% (±1.6%)
(60-64),Female,Blagoevgrad,2020,137,187.0,169.0,181.0,194.0,178.0,184.2,8.4,1.96,7.4,176.79999999999998,191.6,-47.2,7.4,-25.6,2.9,184.2 (±7.4),-47.2 (±7.4),-25.6% (±2.9%)
(40-44),Female,Bulgaria,2020,415,5295.0,5236.0,5129.0,5090.0,4720.0,5185.200000000001,200.8,1.96,176.0,5009.200000000001,5361.200000000001,-4770.2,176.0,-92.0,0.3,5185.2 (±176.0),-4770.2 (±176.0),-92.0% (±0.3%)
(45-49),Female,Bulgaria,2020,655,5295.0,5236.0,5129.0,5090.0,4720.0,5185.200000000001,200.8,1.96,176.0,5009.200000000001,5361.200000000001,-4530.2,176.0,-87.4,0.4,5185.2 (±176.0),-4530.2 (±176.0),-87.4% (±0.4%)
(50-54),Female,Bulgaria,2020,987,5295.0,5236.0,5129.0,5090.0,4720.0,5185.200000000001,200.8,1.96,176.0,5009.200000000001,5361.200000000001,-4198.2,176.0,-81.0,0.6,5185.2 (±176.0),-4198.2 (±176.0),-81.0% (±0.6%)
(55-59),Female,Bulgaria,2020,1576,5295.0,5236.0,5129.0,5090.0,4720.0,5185.200000000001,200.8,1.96,176.0,5009.200000000001,5361.200000000001,-3609.2,176.0,-69.6,1.0,5185.2 (±176.0),-3609.2 (±176.0),-69.6% (±1.0%)
(60-64),Female,Bulgaria,2020,2621,5295.0,5236.0,5129.0,5090.0,4720.0,5185.200000000001,200.8,1.96,176.0,5009.200000000001,5361.200000000001,-2564.2,176.0,-49.5,1.6,5185.2 (±176.0),-2564.2 (±176.0),-49.5% (±1.6%)
(40-44),Female,Burgas,2020,31,302.0,300.0,270.0,288.0,299.0,296.59999999999997,11.9,1.96,10.4,286.2,306.99999999999994,-265.6,10.4,-89.5,0.4,296.6 (±10.4),-265.6 (±10.4),-89.5% (±0.4%)
(45-49),Female,Burgas,2020,44,302.0,300.0,270.0,288.0,299.0,296.59999999999997,11.9,1.96,10.4,286.2,306.99999999999994,-252.6,10.4,-85.2,0.5,296.6 (±10.4),-252.6 (±10.4),-85.2% (±0.5%)
(50-54),Female,Burgas,2020,56,302.0,300.0,270.0,288.0,299.0,296.59999999999997,11.9,1.96,10.4,286.2,306.99999999999994,-240.6,10.4,-81.1,0.7,296.6 (±10.4),-240.6 (±10.4),-81.1% (±0.7%)
(55-59),Female,Burgas,2020,96,302.0,300.0,270.0,288.0,299.0,296.59999999999997,11.9,1.96,10.4,286.2,306.99999999999994,-200.6,10.4,-67.6,1.1,296.6 (±10.4),-200.6 (±10.4),-67.6% (±1.1%)
(60-64),Female,Burgas,2020,129,302.0,300.0,270.0,288.0,299.0,296.59999999999997,11.9,1.96,10.4,286.2,306.99999999999994,-167.6,10.4,-56.5,1.5,296.6 (±10.4),-167.6 (±10.4),-56.5% (±1.5%)
(40-44),Female,Dobrich,2020,16,158.0,139.0,158.0,151.0,136.0,152.4,9.3,1.96,8.2,144.20000000000002,160.6,-136.4,8.2,-89.5,0.5,152.4 (±8.2),-136.4 (±8.2),-89.5% (±0.5%)
(45-49),Female,Dobrich,2020,16,158.0,139.0,158.0,151.0,136.0,152.4,9.3,1.96,8.2,144.20000000000002,160.6,-136.4,8.2,-89.5,0.5,152.4 (±8.2),-136.4 (±8.2),-89.5% (±0.5%)
(50-54),Female,Dobrich,2020,33,158.0,139.0,158.0,151.0,136.0,152.4,9.3,1.96,8.2,144.20000000000002,160.6,-119.4,8.2,-78.3,1.2,152.4 (±8.2),-119.4 (±8.2),-78.3% (±1.2%)
(55-59),Female,Dobrich,2020,60,158.0,139.0,158.0,151.0,136.0,152.4,9.3,1.96,8.2,144.20000000000002,160.6,-92.4,8.2,-60.6,2.0,152.4 (±8.2),-92.4 (±8.2),-60.6% (±2.0%)
(60-64),Female,Dobrich,2020,82,158.0,139.0,158.0,151.0,136.0,152.4,9.3,1.96,8.2,144.20000000000002,160.6,-70.4,8.2,-46.2,2.7,152.4 (±8.2),-70.4 (±8.2),-46.2% (±2.7%)
(40-44),Female,Gabrovo,2020,5,70.0,82.0,94.0,84.0,72.0,81.20000000000002,8.7,1.96,7.6,73.60000000000002,88.80000000000001,-76.2,7.6,-93.8,0.6,81.2 (±7.6),-76.2 (±7.6),-93.8% (±0.6%)
(45-49),Female,Gabrovo,2020,9,70.0,82.0,94.0,84.0,72.0,81.20000000000002,8.7,1.96,7.6,73.60000000000002,88.80000000000001,-72.2,7.6,-88.9,1.0,81.2 (±7.6),-72.2 (±7.6),-88.9% (±1.0%)
(50-54),Female,Gabrovo,2020,14,70.0,82.0,94.0,84.0,72.0,81.20000000000002,8.7,1.96,7.6,73.60000000000002,88.80000000000001,-67.2,7.6,-82.8,1.4,81.2 (±7.6),-67.2 (±7.6),-82.8% (±1.4%)
(55-59),Female,Gabrovo,2020,23,70.0,82.0,94.0,84.0,72.0,81.20000000000002,8.7,1.96,7.6,73.60000000000002,88.80000000000001,-58.2,7.6,-71.7,2.4,81.2 (±7.6),-58.2 (±7.6),-71.7% (±2.4%)
(60-64),Female,Gabrovo,2020,55,70.0,82.0,94.0,84.0,72.0,81.20000000000002,8.7,1.96,7.6,73.60000000000002,88.80000000000001,-26.2,7.6,-32.3,5.8,81.2 (±7.6),-26.2 (±7.6),-32.3% (±5.8%)
(40-44),Female,Haskovo,2020,20,172.0,187.0,151.0,141.0,168.0,166.2,16.2,1.96,14.2,152.0,180.39999999999998,-146.2,14.2,-88.0,0.9,166.2 (±14.2),-146.2 (±14.2),-88.0% (±0.9%)
(45-49),Female,Haskovo,2020,14,172.0,187.0,151.0,141.0,168.0,166.2,16.2,1.96,14.2,152.0,180.39999999999998,-152.2,14.2,-91.6,0.6,166.2 (±14.2),-152.2 (±14.2),-91.6% (±0.6%)
(50-54),Female,Haskovo,2020,34,172.0,187.0,151.0,141.0,168.0,166.2,16.2,1.96,14.2,152.0,180.39999999999998,-132.2,14.2,-79.5,1.7,166.2 (±14.2),-132.2 (±14.2),-79.5% (±1.7%)
(55-59),Female,Haskovo,2020,42,172.0,187.0,151.0,141.0,168.0,166.2,16.2,1.96,14.2,152.0,180.39999999999998,-124.2,14.2,-74.7,2.0,166.2 (±14.2),-124.2 (±14.2),-74.7% (±2.0%)
(60-64),Female,Haskovo,2020,97,172.0,187.0,151.0,141.0,168.0,166.2,16.2,1.96,14.2,152.0,180.39999999999998,-69.2,14.2,-41.6,4.6,166.2 (±14.2),-69.2 (±14.2),-41.6% (±4.6%)
(40-44),Female,Kardzhali,2020,10,89.0,93.0,79.0,73.0,79.0,82.60000000000001,7.3,1.96,6.4,76.2,89.00000000000001,-72.6,6.4,-87.9,0.9,82.6 (±6.4),-72.6 (±6.4),-87.9% (±0.9%)
(45-49),Female,Kardzhali,2020,7,89.0,93.0,79.0,73.0,79.0,82.60000000000001,7.3,1.96,6.4,76.2,89.00000000000001,-75.6,6.4,-91.5,0.6,82.6 (±6.4),-75.6 (±6.4),-91.5% (±0.6%)
(50-54),Female,Kardzhali,2020,21,89.0,93.0,79.0,73.0,79.0,82.60000000000001,7.3,1.96,6.4,76.2,89.00000000000001,-61.6,6.4,-74.6,1.8,82.6 (±6.4),-61.6 (±6.4),-74.6% (±1.8%)
(55-59),Female,Kardzhali,2020,24,89.0,93.0,79.0,73.0,79.0,82.60000000000001,7.3,1.96,6.4,76.2,89.00000000000001,-58.6,6.4,-70.9,2.1,82.6 (±6.4),-58.6 (±6.4),-70.9% (±2.1%)
(60-64),Female,Kardzhali,2020,51,89.0,93.0,79.0,73.0,79.0,82.60000000000001,7.3,1.96,6.4,76.2,89.00000000000001,-31.6,6.4,-38.3,4.4,82.6 (±6.4),-31.6 (±6.4),-38.3% (±4.4%)
(40-44),Female,Kyustendil,2020,9,113.0,116.0,95.0,102.0,91.0,104.19999999999999,9.8,1.96,8.6,95.6,112.79999999999998,-95.2,8.6,-91.4,0.6,104.2 (±8.6),-95.2 (±8.6),-91.4% (±0.6%)
(45-49),Female,Kyustendil,2020,11,113.0,116.0,95.0,102.0,91.0,104.19999999999999,9.8,1.96,8.6,95.6,112.79999999999998,-93.2,8.6,-89.4,0.8,104.2 (±8.6),-93.2 (±8.6),-89.4% (±0.8%)
(50-54),Female,Kyustendil,2020,24,113.0,116.0,95.0,102.0,91.0,104.19999999999999,9.8,1.96,8.6,95.6,112.79999999999998,-80.2,8.6,-77.0,1.7,104.2 (±8.6),-80.2 (±8.6),-77.0% (±1.7%)
(55-59),Female,Kyustendil,2020,34,113.0,116.0,95.0,102.0,91.0,104.19999999999999,9.8,1.96,8.6,95.6,112.79999999999998,-70.2,8.6,-67.4,2.5,104.2 (±8.6),-70.2 (±8.6),-67.4% (±2.5%)
(60-64),Female,Kyustendil,2020,65,113.0,116.0,95.0,102.0,91.0,104.19999999999999,9.8,1.96,8.6,95.6,112.79999999999998,-39.2,8.6,-37.6,4.8,104.2 (±8.6),-39.2 (±8.6),-37.6% (±4.8%)
(40-44),Female,Lovech,2020,9,99.0,93.0,105.0,102.0,92.0,99.80000000000001,5.0,1.96,4.4,95.4,104.20000000000002,-90.8,4.4,-91.0,0.4,99.8 (±4.4),-90.8 (±4.4),-91.0% (±0.4%)
(45-49),Female,Lovech,2020,14,99.0,93.0,105.0,102.0,92.0,99.80000000000001,5.0,1.96,4.4,95.4,104.20000000000002,-85.8,4.4,-86.0,0.6,99.8 (±4.4),-85.8 (±4.4),-86.0% (±0.6%)
(50-54),Female,Lovech,2020,23,99.0,93.0,105.0,102.0,92.0,99.80000000000001,5.0,1.96,4.4,95.4,104.20000000000002,-76.8,4.4,-77.0,0.9,99.8 (±4.4),-76.8 (±4.4),-77.0% (±0.9%)
(55-59),Female,Lovech,2020,24,99.0,93.0,105.0,102.0,92.0,99.80000000000001,5.0,1.96,4.4,95.4,104.20000000000002,-75.8,4.4,-76.0,1.0,99.8 (±4.4),-75.8 (±4.4),-76.0% (±1.0%)
(60-64),Female,Lovech,2020,50,99.0,93.0,105.0,102.0,92.0,99.80000000000001,5.0,1.96,4.4,95.4,104.20000000000002,-49.8,4.4,-49.9,2.1,99.8 (±4.4),-49.8 (±4.4),-49.9% (±2.1%)
(40-44),Female,Montana,2020,7,113.0,119.0,124.0,117.0,108.0,116.19999999999999,5.4,1.96,4.7,111.49999999999999,120.89999999999999,-109.2,4.7,-94.0,0.2,116.2 (±4.7),-109.2 (±4.7),-94.0% (±0.2%)
(45-49),Female,Montana,2020,23,113.0,119.0,124.0,117.0,108.0,116.19999999999999,5.4,1.96,4.7,111.49999999999999,120.89999999999999,-93.2,4.7,-80.2,0.8,116.2 (±4.7),-93.2 (±4.7),-80.2% (±0.8%)
(50-54),Female,Montana,2020,21,113.0,119.0,124.0,117.0,108.0,116.19999999999999,5.4,1.96,4.7,111.49999999999999,120.89999999999999,-95.2,4.7,-81.9,0.7,116.2 (±4.7),-95.2 (±4.7),-81.9% (±0.7%)
(55-59),Female,Montana,2020,25,113.0,119.0,124.0,117.0,108.0,116.19999999999999,5.4,1.96,4.7,111.49999999999999,120.89999999999999,-91.2,4.7,-78.5,0.8,116.2 (±4.7),-91.2 (±4.7),-78.5% (±0.8%)
(60-64),Female,Montana,2020,64,113.0,119.0,124.0,117.0,108.0,116.19999999999999,5.4,1.96,4.7,111.49999999999999,120.89999999999999,-52.2,4.7,-44.9,2.2,116.2 (±4.7),-52.2 (±4.7),-44.9% (±2.2%)
(40-44),Female,Pazardzhik,2020,15,192.0,183.0,201.0,198.0,196.0,196.4,6.2,1.96,5.4,191.0,201.8,-181.4,5.4,-92.4,0.2,196.4 (±5.4),-181.4 (±5.4),-92.4% (±0.2%)
(45-49),Female,Pazardzhik,2020,26,192.0,183.0,201.0,198.0,196.0,196.4,6.2,1.96,5.4,191.0,201.8,-170.4,5.4,-86.8,0.3,196.4 (±5.4),-170.4 (±5.4),-86.8% (±0.3%)
(50-54),Female,Pazardzhik,2020,49,192.0,183.0,201.0,198.0,196.0,196.4,6.2,1.96,5.4,191.0,201.8,-147.4,5.4,-75.1,0.6,196.4 (±5.4),-147.4 (±5.4),-75.1% (±0.6%)
(55-59),Female,Pazardzhik,2020,72,192.0,183.0,201.0,198.0,196.0,196.4,6.2,1.96,5.4,191.0,201.8,-124.4,5.4,-63.3,1.0,196.4 (±5.4),-124.4 (±5.4),-63.3% (±1.0%)
(60-64),Female,Pazardzhik,2020,111,192.0,183.0,201.0,198.0,196.0,196.4,6.2,1.96,5.4,191.0,201.8,-85.4,5.4,-43.5,1.5,196.4 (±5.4),-85.4 (±5.4),-43.5% (±1.5%)
(40-44),Female,Pernik,2020,5,121.0,94.0,103.0,99.0,112.0,109.80000000000001,9.6,1.96,8.4,101.4,118.20000000000002,-104.8,8.4,-95.4,0.4,109.8 (±8.4),-104.8 (±8.4),-95.4% (±0.4%)
(45-49),Female,Pernik,2020,13,121.0,94.0,103.0,99.0,112.0,109.80000000000001,9.6,1.96,8.4,101.4,118.20000000000002,-96.8,8.4,-88.2,0.8,109.8 (±8.4),-96.8 (±8.4),-88.2% (±0.8%)
(50-54),Female,Pernik,2020,23,121.0,94.0,103.0,99.0,112.0,109.80000000000001,9.6,1.96,8.4,101.4,118.20000000000002,-86.8,8.4,-79.1,1.4,109.8 (±8.4),-86.8 (±8.4),-79.1% (±1.4%)
(55-59),Female,Pernik,2020,35,121.0,94.0,103.0,99.0,112.0,109.80000000000001,9.6,1.96,8.4,101.4,118.20000000000002,-74.8,8.4,-68.1,2.3,109.8 (±8.4),-74.8 (±8.4),-68.1% (±2.3%)
(60-64),Female,Pernik,2020,65,121.0,94.0,103.0,99.0,112.0,109.80000000000001,9.6,1.96,8.4,101.4,118.20000000000002,-44.8,8.4,-40.8,4.2,109.8 (±8.4),-44.8 (±8.4),-40.8% (±4.2%)
(40-44),Female,Pleven,2020,15,189.0,205.0,181.0,191.0,164.0,189.2,13.4,1.96,11.7,177.5,200.89999999999998,-174.2,11.7,-92.1,0.4,189.2 (±11.7),-174.2 (±11.7),-92.1% (±0.4%)
(45-49),Female,Pleven,2020,24,189.0,205.0,181.0,191.0,164.0,189.2,13.4,1.96,11.7,177.5,200.89999999999998,-165.2,11.7,-87.3,0.8,189.2 (±11.7),-165.2 (±11.7),-87.3% (±0.8%)
(50-54),Female,Pleven,2020,31,189.0,205.0,181.0,191.0,164.0,189.2,13.4,1.96,11.7,177.5,200.89999999999998,-158.2,11.7,-83.6,1.0,189.2 (±11.7),-158.2 (±11.7),-83.6% (±1.0%)
(55-59),Female,Pleven,2020,59,189.0,205.0,181.0,191.0,164.0,189.2,13.4,1.96,11.7,177.5,200.89999999999998,-130.2,11.7,-68.8,1.8,189.2 (±11.7),-130.2 (±11.7),-68.8% (±1.8%)
(60-64),Female,Pleven,2020,87,189.0,205.0,181.0,191.0,164.0,189.2,13.4,1.96,11.7,177.5,200.89999999999998,-102.2,11.7,-54.0,2.7,189.2 (±11.7),-102.2 (±11.7),-54.0% (±2.7%)
(40-44),Female,Plovdiv,2020,35,441.0,484.0,428.0,419.0,388.0,438.4000000000001,31.3,1.96,27.4,411.0000000000001,465.80000000000007,-403.4,27.4,-92.0,0.5,438.4 (±27.4),-403.4 (±27.4),-92.0% (±0.5%)
(45-49),Female,Plovdiv,2020,68,441.0,484.0,428.0,419.0,388.0,438.4000000000001,31.3,1.96,27.4,411.0000000000001,465.80000000000007,-370.4,27.4,-84.5,0.9,438.4 (±27.4),-370.4 (±27.4),-84.5% (±0.9%)
(50-54),Female,Plovdiv,2020,76,441.0,484.0,428.0,419.0,388.0,438.4000000000001,31.3,1.96,27.4,411.0000000000001,465.80000000000007,-362.4,27.4,-82.7,1.0,438.4 (±27.4),-362.4 (±27.4),-82.7% (±1.0%)
(55-59),Female,Plovdiv,2020,150,441.0,484.0,428.0,419.0,388.0,438.4000000000001,31.3,1.96,27.4,411.0000000000001,465.80000000000007,-288.4,27.4,-65.8,2.0,438.4 (±27.4),-288.4 (±27.4),-65.8% (±2.0%)
(60-64),Female,Plovdiv,2020,232,441.0,484.0,428.0,419.0,388.0,438.4000000000001,31.3,1.96,27.4,411.0000000000001,465.80000000000007,-206.4,27.4,-47.1,3.1,438.4 (±27.4),-206.4 (±27.4),-47.1% (±3.1%)
(40-44),Female,Razgrad,2020,7,103.0,102.0,110.0,77.0,73.0,96.2,15.0,1.96,13.1,83.10000000000001,109.3,-89.2,13.1,-92.7,0.9,96.2 (±13.1),-89.2 (±13.1),-92.7% (±0.9%)
(45-49),Female,Razgrad,2020,9,103.0,102.0,110.0,77.0,73.0,96.2,15.0,1.96,13.1,83.10000000000001,109.3,-87.2,13.1,-90.6,1.2,96.2 (±13.1),-87.2 (±13.1),-90.6% (±1.2%)
(50-54),Female,Razgrad,2020,20,103.0,102.0,110.0,77.0,73.0,96.2,15.0,1.96,13.1,83.10000000000001,109.3,-76.2,13.1,-79.2,2.5,96.2 (±13.1),-76.2 (±13.1),-79.2% (±2.5%)
(55-59),Female,Razgrad,2020,28,103.0,102.0,110.0,77.0,73.0,96.2,15.0,1.96,13.1,83.10000000000001,109.3,-68.2,13.1,-70.9,3.5,96.2 (±13.1),-68.2 (±13.1),-70.9% (±3.5%)
(60-64),Female,Razgrad,2020,61,103.0,102.0,110.0,77.0,73.0,96.2,15.0,1.96,13.1,83.10000000000001,109.3,-35.2,13.1,-36.6,7.6,96.2 (±13.1),-35.2 (±13.1),-36.6% (±7.6%)
(40-44),Female,Ruse,2020,10,176.0,166.0,160.0,179.0,159.0,171.2,8.2,1.96,7.2,164.0,178.39999999999998,-161.2,7.2,-94.2,0.2,171.2 (±7.2),-161.2 (±7.2),-94.2% (±0.2%)
(45-49),Female,Ruse,2020,22,176.0,166.0,160.0,179.0,159.0,171.2,8.2,1.96,7.2,164.0,178.39999999999998,-149.2,7.2,-87.1,0.6,171.2 (±7.2),-149.2 (±7.2),-87.1% (±0.6%)
(50-54),Female,Ruse,2020,28,176.0,166.0,160.0,179.0,159.0,171.2,8.2,1.96,7.2,164.0,178.39999999999998,-143.2,7.2,-83.6,0.7,171.2 (±7.2),-143.2 (±7.2),-83.6% (±0.7%)
(55-59),Female,Ruse,2020,49,176.0,166.0,160.0,179.0,159.0,171.2,8.2,1.96,7.2,164.0,178.39999999999998,-122.2,7.2,-71.4,1.1,171.2 (±7.2),-122.2 (±7.2),-71.4% (±1.1%)
(60-64),Female,Ruse,2020,76,176.0,166.0,160.0,179.0,159.0,171.2,8.2,1.96,7.2,164.0,178.39999999999998,-95.2,7.2,-55.6,1.8,171.2 (±7.2),-95.2 (±7.2),-55.6% (±1.8%)
(40-44),Female,Severen tsentralen,2020,41,630.0,596.0,650.0,606.0,549.0,618.1999999999999,34.2,1.96,30.0,588.1999999999999,648.1999999999999,-577.2,30.0,-93.4,0.3,618.2 (±30.0),-577.2 (±30.0),-93.4% (±0.3%)
(45-49),Female,Severen tsentralen,2020,68,630.0,596.0,650.0,606.0,549.0,618.1999999999999,34.2,1.96,30.0,588.1999999999999,648.1999999999999,-550.2,30.0,-89.0,0.5,618.2 (±30.0),-550.2 (±30.0),-89.0% (±0.5%)
(50-54),Female,Severen tsentralen,2020,113,630.0,596.0,650.0,606.0,549.0,618.1999999999999,34.2,1.96,30.0,588.1999999999999,648.1999999999999,-505.2,30.0,-81.7,0.9,618.2 (±30.0),-505.2 (±30.0),-81.7% (±0.9%)
(55-59),Female,Severen tsentralen,2020,179,630.0,596.0,650.0,606.0,549.0,618.1999999999999,34.2,1.96,30.0,588.1999999999999,648.1999999999999,-439.2,30.0,-71.0,1.4,618.2 (±30.0),-439.2 (±30.0),-71.0% (±1.4%)
(60-64),Female,Severen tsentralen,2020,325,630.0,596.0,650.0,606.0,549.0,618.1999999999999,34.2,1.96,30.0,588.1999999999999,648.1999999999999,-293.2,30.0,-47.4,2.5,618.2 (±30.0),-293.2 (±30.0),-47.4% (±2.5%)
(40-44),Female,Severna i yugoiztochna Bulgaria,2020,222,2844.0,2735.0,2787.0,2692.0,2499.0,2762.600000000001,117.8,1.96,103.3,2659.3000000000006,2865.900000000001,-2540.6,103.3,-92.0,0.3,2762.6 (±103.3),-2540.6 (±103.3),-92.0% (±0.3%)
(45-49),Female,Severna i yugoiztochna Bulgaria,2020,373,2844.0,2735.0,2787.0,2692.0,2499.0,2762.600000000001,117.8,1.96,103.3,2659.3000000000006,2865.900000000001,-2389.6,103.3,-86.5,0.5,2762.6 (±103.3),-2389.6 (±103.3),-86.5% (±0.5%)
(50-54),Female,Severna i yugoiztochna Bulgaria,2020,531,2844.0,2735.0,2787.0,2692.0,2499.0,2762.600000000001,117.8,1.96,103.3,2659.3000000000006,2865.900000000001,-2231.6,103.3,-80.8,0.7,2762.6 (±103.3),-2231.6 (±103.3),-80.8% (±0.7%)
(55-59),Female,Severna i yugoiztochna Bulgaria,2020,856,2844.0,2735.0,2787.0,2692.0,2499.0,2762.600000000001,117.8,1.96,103.3,2659.3000000000006,2865.900000000001,-1906.6,103.3,-69.0,1.1,2762.6 (±103.3),-1906.6 (±103.3),-69.0% (±1.1%)
(60-64),Female,Severna i yugoiztochna Bulgaria,2020,1341,2844.0,2735.0,2787.0,2692.0,2499.0,2762.600000000001,117.8,1.96,103.3,2659.3000000000006,2865.900000000001,-1421.6,103.3,-51.5,1.7,2762.6 (±103.3),-1421.6 (±103.3),-51.5% (±1.7%)
(40-44),Female,Severoiztochen,2020,60,723.0,682.0,702.0,685.0,637.0,702.5999999999998,28.4,1.96,24.9,677.6999999999998,727.4999999999998,-642.6,24.9,-91.5,0.3,702.6 (±24.9),-642.6 (±24.9),-91.5% (±0.3%)
(45-49),Female,Severoiztochen,2020,105,723.0,682.0,702.0,685.0,637.0,702.5999999999998,28.4,1.96,24.9,677.6999999999998,727.4999999999998,-597.6,24.9,-85.1,0.5,702.6 (±24.9),-597.6 (±24.9),-85.1% (±0.5%)
(50-54),Female,Severoiztochen,2020,142,723.0,682.0,702.0,685.0,637.0,702.5999999999998,28.4,1.96,24.9,677.6999999999998,727.4999999999998,-560.6,24.9,-79.8,0.7,702.6 (±24.9),-560.6 (±24.9),-79.8% (±0.7%)
(55-59),Female,Severoiztochen,2020,227,723.0,682.0,702.0,685.0,637.0,702.5999999999998,28.4,1.96,24.9,677.6999999999998,727.4999999999998,-475.6,24.9,-67.7,1.1,702.6 (±24.9),-475.6 (±24.9),-67.7% (±1.1%)
(60-64),Female,Severoiztochen,2020,367,723.0,682.0,702.0,685.0,637.0,702.5999999999998,28.4,1.96,24.9,677.6999999999998,727.4999999999998,-335.6,24.9,-47.8,1.8,702.6 (±24.9),-335.6 (±24.9),-47.8% (±1.8%)
(40-44),Female,Severozapaden,2020,45,638.0,662.0,654.0,636.0,577.0,641.3999999999999,29.8,1.96,26.1,615.2999999999998,667.4999999999999,-596.4,26.1,-93.0,0.3,641.4 (±26.1),-596.4 (±26.1),-93.0% (±0.3%)
(45-49),Female,Severozapaden,2020,88,638.0,662.0,654.0,636.0,577.0,641.3999999999999,29.8,1.96,26.1,615.2999999999998,667.4999999999999,-553.4,26.1,-86.3,0.5,641.4 (±26.1),-553.4 (±26.1),-86.3% (±0.5%)
(50-54),Female,Severozapaden,2020,116,638.0,662.0,654.0,636.0,577.0,641.3999999999999,29.8,1.96,26.1,615.2999999999998,667.4999999999999,-525.4,26.1,-81.9,0.7,641.4 (±26.1),-525.4 (±26.1),-81.9% (±0.7%)
(55-59),Female,Severozapaden,2020,180,638.0,662.0,654.0,636.0,577.0,641.3999999999999,29.8,1.96,26.1,615.2999999999998,667.4999999999999,-461.4,26.1,-71.9,1.1,641.4 (±26.1),-461.4 (±26.1),-71.9% (±1.1%)
(60-64),Female,Severozapaden,2020,296,638.0,662.0,654.0,636.0,577.0,641.3999999999999,29.8,1.96,26.1,615.2999999999998,667.4999999999999,-345.4,26.1,-53.9,1.8,641.4 (±26.1),-345.4 (±26.1),-53.9% (±1.8%)
(40-44),Female,Shumen,2020,8,170.0,133.0,158.0,132.0,127.0,148.0,16.9,1.96,14.8,133.2,162.8,-140.0,14.8,-94.6,0.5,148.0 (±14.8),-140.0 (±14.8),-94.6% (±0.5%)
(45-49),Female,Shumen,2020,17,170.0,133.0,158.0,132.0,127.0,148.0,16.9,1.96,14.8,133.2,162.8,-131.0,14.8,-88.5,1.1,148.0 (±14.8),-131.0 (±14.8),-88.5% (±1.1%)
(50-54),Female,Shumen,2020,32,170.0,133.0,158.0,132.0,127.0,148.0,16.9,1.96,14.8,133.2,162.8,-116.0,14.8,-78.4,1.9,148.0 (±14.8),-116.0 (±14.8),-78.4% (±1.9%)
(55-59),Female,Shumen,2020,50,170.0,133.0,158.0,132.0,127.0,148.0,16.9,1.96,14.8,133.2,162.8,-98.0,14.8,-66.2,3.1,148.0 (±14.8),-98.0 (±14.8),-66.2% (±3.1%)
(60-64),Female,Shumen,2020,83,170.0,133.0,158.0,132.0,127.0,148.0,16.9,1.96,14.8,133.2,162.8,-65.0,14.8,-43.9,5.1,148.0 (±14.8),-65.0 (±14.8),-43.9% (±5.1%)
(40-44),Female,Silistra,2020,10,97.0,72.0,96.0,85.0,73.0,86.2,10.7,1.96,9.4,76.8,95.60000000000001,-76.2,9.4,-88.4,1.1,86.2 (±9.4),-76.2 (±9.4),-88.4% (±1.1%)
(45-49),Female,Silistra,2020,11,97.0,72.0,96.0,85.0,73.0,86.2,10.7,1.96,9.4,76.8,95.60000000000001,-75.2,9.4,-87.2,1.3,86.2 (±9.4),-75.2 (±9.4),-87.2% (±1.3%)
(50-54),Female,Silistra,2020,24,97.0,72.0,96.0,85.0,73.0,86.2,10.7,1.96,9.4,76.8,95.60000000000001,-62.2,9.4,-72.2,2.7,86.2 (±9.4),-62.2 (±9.4),-72.2% (±2.7%)
(55-59),Female,Silistra,2020,33,97.0,72.0,96.0,85.0,73.0,86.2,10.7,1.96,9.4,76.8,95.60000000000001,-53.2,9.4,-61.7,3.8,86.2 (±9.4),-53.2 (±9.4),-61.7% (±3.8%)
(60-64),Female,Silistra,2020,52,97.0,72.0,96.0,85.0,73.0,86.2,10.7,1.96,9.4,76.8,95.60000000000001,-34.2,9.4,-39.7,5.9,86.2 (±9.4),-34.2 (±9.4),-39.7% (±5.9%)
(40-44),Female,Sliven,2020,19,177.0,148.0,175.0,145.0,141.0,161.2,15.5,1.96,13.6,147.6,174.79999999999998,-142.2,13.6,-88.2,0.9,161.2 (±13.6),-142.2 (±13.6),-88.2% (±0.9%)
(45-49),Female,Sliven,2020,17,177.0,148.0,175.0,145.0,141.0,161.2,15.5,1.96,13.6,147.6,174.79999999999998,-144.2,13.6,-89.5,0.8,161.2 (±13.6),-144.2 (±13.6),-89.5% (±0.8%)
(50-54),Female,Sliven,2020,32,177.0,148.0,175.0,145.0,141.0,161.2,15.5,1.96,13.6,147.6,174.79999999999998,-129.2,13.6,-80.1,1.6,161.2 (±13.6),-129.2 (±13.6),-80.1% (±1.6%)
(55-59),Female,Sliven,2020,51,177.0,148.0,175.0,145.0,141.0,161.2,15.5,1.96,13.6,147.6,174.79999999999998,-110.2,13.6,-68.4,2.4,161.2 (±13.6),-110.2 (±13.6),-68.4% (±2.4%)
(60-64),Female,Sliven,2020,85,177.0,148.0,175.0,145.0,141.0,161.2,15.5,1.96,13.6,147.6,174.79999999999998,-76.2,13.6,-47.3,4.1,161.2 (±13.6),-76.2 (±13.6),-47.3% (±4.1%)
(40-44),Female,Smolyan,2020,3,90.0,66.0,66.0,78.0,74.0,75.59999999999998,8.9,1.96,7.8,67.79999999999998,83.39999999999998,-72.6,7.8,-96.0,0.4,75.6 (±7.8),-72.6 (±7.8),-96.0% (±0.4%)
(45-49),Female,Smolyan,2020,7,90.0,66.0,66.0,78.0,74.0,75.59999999999998,8.9,1.96,7.8,67.79999999999998,83.39999999999998,-68.6,7.8,-90.7,0.9,75.6 (±7.8),-68.6 (±7.8),-90.7% (±0.9%)
(50-54),Female,Smolyan,2020,11,90.0,66.0,66.0,78.0,74.0,75.59999999999998,8.9,1.96,7.8,67.79999999999998,83.39999999999998,-64.6,7.8,-85.4,1.4,75.6 (±7.8),-64.6 (±7.8),-85.4% (±1.4%)
(55-59),Female,Smolyan,2020,31,90.0,66.0,66.0,78.0,74.0,75.59999999999998,8.9,1.96,7.8,67.79999999999998,83.39999999999998,-44.6,7.8,-59.0,3.8,75.6 (±7.8),-44.6 (±7.8),-59.0% (±3.8%)
(60-64),Female,Smolyan,2020,38,90.0,66.0,66.0,78.0,74.0,75.59999999999998,8.9,1.96,7.8,67.79999999999998,83.39999999999998,-37.6,7.8,-49.7,4.7,75.6 (±7.8),-37.6 (±7.8),-49.7% (±4.7%)
(40-44),Female,Sofia,2020,20,175.0,221.0,182.0,210.0,175.0,195.79999999999998,19.2,1.96,16.8,178.99999999999997,212.6,-175.8,16.8,-89.8,0.8,195.8 (±16.8),-175.8 (±16.8),-89.8% (±0.8%)
(45-49),Female,Sofia,2020,20,175.0,221.0,182.0,210.0,175.0,195.79999999999998,19.2,1.96,16.8,178.99999999999997,212.6,-175.8,16.8,-89.8,0.8,195.8 (±16.8),-175.8 (±16.8),-89.8% (±0.8%)
(50-54),Female,Sofia,2020,27,175.0,221.0,182.0,210.0,175.0,195.79999999999998,19.2,1.96,16.8,178.99999999999997,212.6,-168.8,16.8,-86.2,1.1,195.8 (±16.8),-168.8 (±16.8),-86.2% (±1.1%)
(55-59),Female,Sofia,2020,45,175.0,221.0,182.0,210.0,175.0,195.79999999999998,19.2,1.96,16.8,178.99999999999997,212.6,-150.8,16.8,-77.0,1.8,195.8 (±16.8),-150.8 (±16.8),-77.0% (±1.8%)
(60-64),Female,Sofia,2020,103,175.0,221.0,182.0,210.0,175.0,195.79999999999998,19.2,1.96,16.8,178.99999999999997,212.6,-92.8,16.8,-47.4,4.2,195.8 (±16.8),-92.8 (±16.8),-47.4% (±4.2%)
(40-44),Female,Sofia (stolitsa),2020,63,871.0,888.0,856.0,884.0,760.0,869.4000000000001,47.2,1.96,41.4,828.0000000000001,910.8000000000001,-806.4,41.4,-92.8,0.3,869.4 (±41.4),-806.4 (±41.4),-92.8% (±0.3%)
(45-49),Female,Sofia (stolitsa),2020,97,871.0,888.0,856.0,884.0,760.0,869.4000000000001,47.2,1.96,41.4,828.0000000000001,910.8000000000001,-772.4,41.4,-88.8,0.6,869.4 (±41.4),-772.4 (±41.4),-88.8% (±0.6%)
(50-54),Female,Sofia (stolitsa),2020,156,871.0,888.0,856.0,884.0,760.0,869.4000000000001,47.2,1.96,41.4,828.0000000000001,910.8000000000001,-713.4,41.4,-82.1,0.8,869.4 (±41.4),-713.4 (±41.4),-82.1% (±0.8%)
(55-59),Female,Sofia (stolitsa),2020,210,871.0,888.0,856.0,884.0,760.0,869.4000000000001,47.2,1.96,41.4,828.0000000000001,910.8000000000001,-659.4,41.4,-75.8,1.1,869.4 (±41.4),-659.4 (±41.4),-75.8% (±1.1%)
(60-64),Female,Sofia (stolitsa),2020,381,871.0,888.0,856.0,884.0,760.0,869.4000000000001,47.2,1.96,41.4,828.0000000000001,910.8000000000001,-488.4,41.4,-56.2,2.0,869.4 (±41.4),-488.4 (±41.4),-56.2% (±2.0%)
(40-44),Female,Stara Zagora,2020,15,260.0,267.0,243.0,240.0,215.0,249.00000000000006,18.1,1.96,15.9,233.10000000000005,264.90000000000003,-234.0,15.9,-94.0,0.3,249.0 (±15.9),-234.0 (±15.9),-94.0% (±0.3%)
(45-49),Female,Stara Zagora,2020,31,260.0,267.0,243.0,240.0,215.0,249.00000000000006,18.1,1.96,15.9,233.10000000000005,264.90000000000003,-218.0,15.9,-87.6,0.7,249.0 (±15.9),-218.0 (±15.9),-87.6% (±0.7%)
(50-54),Female,Stara Zagora,2020,54,260.0,267.0,243.0,240.0,215.0,249.00000000000006,18.1,1.96,15.9,233.10000000000005,264.90000000000003,-195.0,15.9,-78.3,1.3,249.0 (±15.9),-195.0 (±15.9),-78.3% (±1.3%)
(55-59),Female,Stara Zagora,2020,91,260.0,267.0,243.0,240.0,215.0,249.00000000000006,18.1,1.96,15.9,233.10000000000005,264.90000000000003,-158.0,15.9,-63.5,2.1,249.0 (±15.9),-158.0 (±15.9),-63.5% (±2.1%)
(60-64),Female,Stara Zagora,2020,101,260.0,267.0,243.0,240.0,215.0,249.00000000000006,18.1,1.96,15.9,233.10000000000005,264.90000000000003,-148.0,15.9,-59.4,2.5,249.0 (±15.9),-148.0 (±15.9),-59.4% (±2.5%)
(40-44),Female,Targovishte,2020,11,89.0,98.0,82.0,98.0,101.0,96.8,7.1,1.96,6.2,90.6,103.0,-85.8,6.2,-88.6,0.7,96.8 (±6.2),-85.8 (±6.2),-88.6% (±0.7%)
(45-49),Female,Targovishte,2020,15,89.0,98.0,82.0,98.0,101.0,96.8,7.1,1.96,6.2,90.6,103.0,-81.8,6.2,-84.5,0.9,96.8 (±6.2),-81.8 (±6.2),-84.5% (±0.9%)
(50-54),Female,Targovishte,2020,19,89.0,98.0,82.0,98.0,101.0,96.8,7.1,1.96,6.2,90.6,103.0,-77.8,6.2,-80.4,1.2,96.8 (±6.2),-77.8 (±6.2),-80.4% (±1.2%)
(55-59),Female,Targovishte,2020,39,89.0,98.0,82.0,98.0,101.0,96.8,7.1,1.96,6.2,90.6,103.0,-57.8,6.2,-59.7,2.4,96.8 (±6.2),-57.8 (±6.2),-59.7% (±2.4%)
(60-64),Female,Targovishte,2020,48,89.0,98.0,82.0,98.0,101.0,96.8,7.1,1.96,6.2,90.6,103.0,-48.8,6.2,-50.4,3.0,96.8 (±6.2),-48.8 (±6.2),-50.4% (±3.0%)
(40-44),Female,Varna,2020,25,306.0,312.0,304.0,304.0,273.0,305.4,13.7,1.96,12.0,293.4,317.4,-280.4,12.0,-91.8,0.3,305.4 (±12.0),-280.4 (±12.0),-91.8% (±0.3%)
(45-49),Female,Varna,2020,57,306.0,312.0,304.0,304.0,273.0,305.4,13.7,1.96,12.0,293.4,317.4,-248.4,12.0,-81.3,0.7,305.4 (±12.0),-248.4 (±12.0),-81.3% (±0.7%)
(50-54),Female,Varna,2020,58,306.0,312.0,304.0,304.0,273.0,305.4,13.7,1.96,12.0,293.4,317.4,-247.4,12.0,-81.0,0.7,305.4 (±12.0),-247.4 (±12.0),-81.0% (±0.7%)
(55-59),Female,Varna,2020,78,306.0,312.0,304.0,304.0,273.0,305.4,13.7,1.96,12.0,293.4,317.4,-227.4,12.0,-74.5,0.9,305.4 (±12.0),-227.4 (±12.0),-74.5% (±0.9%)
(60-64),Female,Varna,2020,154,306.0,312.0,304.0,304.0,273.0,305.4,13.7,1.96,12.0,293.4,317.4,-151.4,12.0,-49.6,1.9,305.4 (±12.0),-151.4 (±12.0),-49.6% (±1.9%)
(40-44),Female,Veliko Tarnovo,2020,9,184.0,174.0,190.0,181.0,172.0,183.39999999999998,6.6,1.96,5.8,177.59999999999997,189.2,-174.4,5.8,-95.1,0.1,183.4 (±5.8),-174.4 (±5.8),-95.1% (±0.1%)
(45-49),Female,Veliko Tarnovo,2020,17,184.0,174.0,190.0,181.0,172.0,183.39999999999998,6.6,1.96,5.8,177.59999999999997,189.2,-166.4,5.8,-90.7,0.3,183.4 (±5.8),-166.4 (±5.8),-90.7% (±0.3%)
(50-54),Female,Veliko Tarnovo,2020,27,184.0,174.0,190.0,181.0,172.0,183.39999999999998,6.6,1.96,5.8,177.59999999999997,189.2,-156.4,5.8,-85.3,0.4,183.4 (±5.8),-156.4 (±5.8),-85.3% (±0.4%)
(55-59),Female,Veliko Tarnovo,2020,46,184.0,174.0,190.0,181.0,172.0,183.39999999999998,6.6,1.96,5.8,177.59999999999997,189.2,-137.4,5.8,-74.9,0.8,183.4 (±5.8),-137.4 (±5.8),-74.9% (±0.8%)
(60-64),Female,Veliko Tarnovo,2020,81,184.0,174.0,190.0,181.0,172.0,183.39999999999998,6.6,1.96,5.8,177.59999999999997,189.2,-102.4,5.8,-55.8,1.4,183.4 (±5.8),-102.4 (±5.8),-55.8% (±1.4%)
(40-44),Female,Vidin,2020,4,73.0,77.0,79.0,70.0,83.0,76.40000000000002,4.5,1.96,3.9,72.50000000000001,80.30000000000003,-72.4,3.9,-94.8,0.2,76.4 (±3.9),-72.4 (±3.9),-94.8% (±0.2%)
(45-49),Female,Vidin,2020,6,73.0,77.0,79.0,70.0,83.0,76.40000000000002,4.5,1.96,3.9,72.50000000000001,80.30000000000003,-70.4,3.9,-92.1,0.4,76.4 (±3.9),-70.4 (±3.9),-92.1% (±0.4%)
(50-54),Female,Vidin,2020,12,73.0,77.0,79.0,70.0,83.0,76.40000000000002,4.5,1.96,3.9,72.50000000000001,80.30000000000003,-64.4,3.9,-84.3,0.8,76.4 (±3.9),-64.4 (±3.9),-84.3% (±0.8%)
(55-59),Female,Vidin,2020,27,73.0,77.0,79.0,70.0,83.0,76.40000000000002,4.5,1.96,3.9,72.50000000000001,80.30000000000003,-49.4,3.9,-64.7,1.7,76.4 (±3.9),-49.4 (±3.9),-64.7% (±1.7%)
(60-64),Female,Vidin,2020,30,73.0,77.0,79.0,70.0,83.0,76.40000000000002,4.5,1.96,3.9,72.50000000000001,80.30000000000003,-46.4,3.9,-60.7,1.9,76.4 (±3.9),-46.4 (±3.9),-60.7% (±1.9%)
(40-44),Female,Vratsa,2020,10,164.0,168.0,165.0,156.0,130.0,159.8,13.9,1.96,12.2,147.60000000000002,172.0,-149.8,12.2,-93.7,0.5,159.8 (±12.2),-149.8 (±12.2),-93.7% (±0.5%)
(45-49),Female,Vratsa,2020,21,164.0,168.0,165.0,156.0,130.0,159.8,13.9,1.96,12.2,147.60000000000002,172.0,-138.8,12.2,-86.9,0.9,159.8 (±12.2),-138.8 (±12.2),-86.9% (±0.9%)
(50-54),Female,Vratsa,2020,29,164.0,168.0,165.0,156.0,130.0,159.8,13.9,1.96,12.2,147.60000000000002,172.0,-130.8,12.2,-81.9,1.2,159.8 (±12.2),-130.8 (±12.2),-81.9% (±1.2%)
(55-59),Female,Vratsa,2020,45,164.0,168.0,165.0,156.0,130.0,159.8,13.9,1.96,12.2,147.60000000000002,172.0,-114.8,12.2,-71.8,2.0,159.8 (±12.2),-114.8 (±12.2),-71.8% (±2.0%)
(60-64),Female,Vratsa,2020,65,164.0,168.0,165.0,156.0,130.0,159.8,13.9,1.96,12.2,147.60000000000002,172.0,-94.8,12.2,-59.3,2.9,159.8 (±12.2),-94.8 (±12.2),-59.3% (±2.9%)
(40-44),Female,Yambol,2020,11,114.0,80.0,93.0,92.0,81.0,93.60000000000002,12.2,1.96,10.7,82.90000000000002,104.30000000000003,-82.6,10.7,-88.2,1.3,93.6 (±10.7),-82.6 (±10.7),-88.2% (±1.3%)
(45-49),Female,Yambol,2020,20,114.0,80.0,93.0,92.0,81.0,93.60000000000002,12.2,1.96,10.7,82.90000000000002,104.30000000000003,-73.6,10.7,-78.6,2.2,93.6 (±10.7),-73.6 (±10.7),-78.6% (±2.2%)
(50-54),Female,Yambol,2020,18,114.0,80.0,93.0,92.0,81.0,93.60000000000002,12.2,1.96,10.7,82.90000000000002,104.30000000000003,-75.6,10.7,-80.8,1.9,93.6 (±10.7),-75.6 (±10.7),-80.8% (±1.9%)
(55-59),Female,Yambol,2020,32,114.0,80.0,93.0,92.0,81.0,93.60000000000002,12.2,1.96,10.7,82.90000000000002,104.30000000000003,-61.6,10.7,-65.8,3.5,93.6 (±10.7),-61.6 (±10.7),-65.8% (±3.5%)
(60-64),Female,Yambol,2020,38,114.0,80.0,93.0,92.0,81.0,93.60000000000002,12.2,1.96,10.7,82.90000000000002,104.30000000000003,-55.6,10.7,-59.4,4.2,93.6 (±10.7),-55.6 (±10.7),-59.4% (±4.2%)
(40-44),Female,Yugoiztochen,2020,76,853.0,795.0,781.0,765.0,736.0,800.4000000000002,38.8,1.96,34.0,766.4000000000002,834.4000000000002,-724.4,34.0,-90.5,0.4,800.4 (±34.0),-724.4 (±34.0),-90.5% (±0.4%)
(45-49),Female,Yugoiztochen,2020,112,853.0,795.0,781.0,765.0,736.0,800.4000000000002,38.8,1.96,34.0,766.4000000000002,834.4000000000002,-688.4,34.0,-86.0,0.6,800.4 (±34.0),-688.4 (±34.0),-86.0% (±0.6%)
(50-54),Female,Yugoiztochen,2020,160,853.0,795.0,781.0,765.0,736.0,800.4000000000002,38.8,1.96,34.0,766.4000000000002,834.4000000000002,-640.4,34.0,-80.0,0.8,800.4 (±34.0),-640.4 (±34.0),-80.0% (±0.8%)
(55-59),Female,Yugoiztochen,2020,270,853.0,795.0,781.0,765.0,736.0,800.4000000000002,38.8,1.96,34.0,766.4000000000002,834.4000000000002,-530.4,34.0,-66.3,1.3,800.4 (±34.0),-530.4 (±34.0),-66.3% (±1.3%)
(60-64),Female,Yugoiztochen,2020,353,853.0,795.0,781.0,765.0,736.0,800.4000000000002,38.8,1.96,34.0,766.4000000000002,834.4000000000002,-447.4,34.0,-55.9,1.8,800.4 (±34.0),-447.4 (±34.0),-55.9% (±1.8%)
(40-44),Female,Yugozapaden,2020,110,1467.0,1488.0,1417.0,1489.0,1316.0,1463.3999999999999,65.2,1.96,57.2,1406.1999999999998,1520.6,-1353.4,57.2,-92.5,0.3,1463.4 (±57.2),-1353.4 (±57.2),-92.5% (±0.3%)
(45-49),Female,Yugozapaden,2020,160,1467.0,1488.0,1417.0,1489.0,1316.0,1463.3999999999999,65.2,1.96,57.2,1406.1999999999998,1520.6,-1303.4,57.2,-89.1,0.4,1463.4 (±57.2),-1303.4 (±57.2),-89.1% (±0.4%)
(50-54),Female,Yugozapaden,2020,265,1467.0,1488.0,1417.0,1489.0,1316.0,1463.3999999999999,65.2,1.96,57.2,1406.1999999999998,1520.6,-1198.4,57.2,-81.9,0.7,1463.4 (±57.2),-1198.4 (±57.2),-81.9% (±0.7%)
(55-59),Female,Yugozapaden,2020,401,1467.0,1488.0,1417.0,1489.0,1316.0,1463.3999999999999,65.2,1.96,57.2,1406.1999999999998,1520.6,-1062.4,57.2,-72.6,1.0,1463.4 (±57.2),-1062.4 (±57.2),-72.6% (±1.0%)
(60-64),Female,Yugozapaden,2020,751,1467.0,1488.0,1417.0,1489.0,1316.0,1463.3999999999999,65.2,1.96,57.2,1406.1999999999998,1520.6,-712.4,57.2,-48.7,1.9,1463.4 (±57.2),-712.4 (±57.2),-48.7% (±1.9%)
(40-44),Female,Yugozapadna i yuzhna tsentralna Bulgaria,2020,193,2451.0,2501.0,2342.0,2398.0,2221.0,2422.6,96.6,1.96,84.7,2337.9,2507.2999999999997,-2229.6,84.7,-92.0,0.3,2422.6 (±84.7),-2229.6 (±84.7),-92.0% (±0.3%)
(45-49),Female,Yugozapadna i yuzhna tsentralna Bulgaria,2020,282,2451.0,2501.0,2342.0,2398.0,2221.0,2422.6,96.6,1.96,84.7,2337.9,2507.2999999999997,-2140.6,84.7,-88.4,0.4,2422.6 (±84.7),-2140.6 (±84.7),-88.4% (±0.4%)
(50-54),Female,Yugozapadna i yuzhna tsentralna Bulgaria,2020,456,2451.0,2501.0,2342.0,2398.0,2221.0,2422.6,96.6,1.96,84.7,2337.9,2507.2999999999997,-1966.6,84.7,-81.2,0.6,2422.6 (±84.7),-1966.6 (±84.7),-81.2% (±0.6%)
(55-59),Female,Yugozapadna i yuzhna tsentralna Bulgaria,2020,720,2451.0,2501.0,2342.0,2398.0,2221.0,2422.6,96.6,1.96,84.7,2337.9,2507.2999999999997,-1702.6,84.7,-70.3,1.0,2422.6 (±84.7),-1702.6 (±84.7),-70.3% (±1.0%)
(60-64),Female,Yugozapadna i yuzhna tsentralna Bulgaria,2020,1280,2451.0,2501.0,2342.0,2398.0,2221.0,2422.6,96.6,1.96,84.7,2337.9,2507.2999999999997,-1142.6,84.7,-47.2,1.7,2422.6 (±84.7),-1142.6 (±84.7),-47.2% (±1.7%)
(40-44),Female,Yuzhen tsentralen,2020,83,984.0,1013.0,925.0,909.0,905.0,959.1999999999999,43.4,1.96,38.0,921.1999999999999,997.1999999999999,-876.2,38.0,-91.3,0.4,959.2 (±38.0),-876.2 (±38.0),-91.3% (±0.4%)
(45-49),Female,Yuzhen tsentralen,2020,122,984.0,1013.0,925.0,909.0,905.0,959.1999999999999,43.4,1.96,38.0,921.1999999999999,997.1999999999999,-837.2,38.0,-87.3,0.5,959.2 (±38.0),-837.2 (±38.0),-87.3% (±0.5%)
(50-54),Female,Yuzhen tsentralen,2020,191,984.0,1013.0,925.0,909.0,905.0,959.1999999999999,43.4,1.96,38.0,921.1999999999999,997.1999999999999,-768.2,38.0,-80.1,0.7,959.2 (±38.0),-768.2 (±38.0),-80.1% (±0.7%)
(55-59),Female,Yuzhen tsentralen,2020,319,984.0,1013.0,925.0,909.0,905.0,959.1999999999999,43.4,1.96,38.0,921.1999999999999,997.1999999999999,-640.2,38.0,-66.7,1.3,959.2 (±38.0),-640.2 (±38.0),-66.7% (±1.3%)
(60-64),Female,Yuzhen tsentralen,2020,529,984.0,1013.0,925.0,909.0,905.0,959.1999999999999,43.4,1.96,38.0,921.1999999999999,997.1999999999999,-430.2,38.0,-44.8,2.2,959.2 (±38.0),-430.2 (±38.0),-44.8% (±2.2%)
(40-44),Male,Blagoevgrad,2020,44,508.0,476.0,487.0,471.0,451.0,488.2,18.8,1.96,16.5,471.7,504.7,-444.2,16.5,-91.0,0.3,488.2 (±16.5),-444.2 (±16.5),-91.0% (±0.3%)
(45-49),Male,Blagoevgrad,2020,51,508.0,476.0,487.0,471.0,451.0,488.2,18.8,1.96,16.5,471.7,504.7,-437.2,16.5,-89.6,0.3,488.2 (±16.5),-437.2 (±16.5),-89.6% (±0.3%)
(50-54),Male,Blagoevgrad,2020,102,508.0,476.0,487.0,471.0,451.0,488.2,18.8,1.96,16.5,471.7,504.7,-386.2,16.5,-79.1,0.7,488.2 (±16.5),-386.2 (±16.5),-79.1% (±0.7%)
(55-59),Male,Blagoevgrad,2020,173,508.0,476.0,487.0,471.0,451.0,488.2,18.8,1.96,16.5,471.7,504.7,-315.2,16.5,-64.6,1.1,488.2 (±16.5),-315.2 (±16.5),-64.6% (±1.1%)
(60-64),Male,Blagoevgrad,2020,226,508.0,476.0,487.0,471.0,451.0,488.2,18.8,1.96,16.5,471.7,504.7,-262.2,16.5,-53.7,1.5,488.2 (±16.5),-262.2 (±16.5),-53.7% (±1.5%)
(40-44),Male,Bulgaria,2020,896,11830.0,11572.0,11075.0,11203.0,10867.0,11547.000000000002,347.0,1.96,304.2,11242.800000000001,11851.200000000003,-10651.0,304.2,-92.2,0.2,11547.0 (±304.2),-10651.0 (±304.2),-92.2% (±0.2%)
(45-49),Male,Bulgaria,2020,1509,11830.0,11572.0,11075.0,11203.0,10867.0,11547.000000000002,347.0,1.96,304.2,11242.800000000001,11851.200000000003,-10038.0,304.2,-86.9,0.4,11547.0 (±304.2),-10038.0 (±304.2),-86.9% (±0.4%)
(50-54),Male,Bulgaria,2020,2291,11830.0,11572.0,11075.0,11203.0,10867.0,11547.000000000002,347.0,1.96,304.2,11242.800000000001,11851.200000000003,-9256.0,304.2,-80.2,0.5,11547.0 (±304.2),-9256.0 (±304.2),-80.2% (±0.5%)
(55-59),Male,Bulgaria,2020,3619,11830.0,11572.0,11075.0,11203.0,10867.0,11547.000000000002,347.0,1.96,304.2,11242.800000000001,11851.200000000003,-7928.0,304.2,-68.7,0.8,11547.0 (±304.2),-7928.0 (±304.2),-68.7% (±0.8%)
(60-64),Male,Bulgaria,2020,5274,11830.0,11572.0,11075.0,11203.0,10867.0,11547.000000000002,347.0,1.96,304.2,11242.800000000001,11851.200000000003,-6273.0,304.2,-54.3,1.2,11547.0 (±304.2),-6273.0 (±304.2),-54.3% (±1.2%)
(40-44),Male,Burgas,2020,44,679.0,610.0,621.0,633.0,640.0,651.0000000000002,23.6,1.96,20.7,630.3000000000002,671.7000000000003,-607.0,20.7,-93.2,0.2,651.0 (±20.7),-607.0 (±20.7),-93.2% (±0.2%)
(45-49),Male,Burgas,2020,81,679.0,610.0,621.0,633.0,640.0,651.0000000000002,23.6,1.96,20.7,630.3000000000002,671.7000000000003,-570.0,20.7,-87.6,0.3,651.0 (±20.7),-570.0 (±20.7),-87.6% (±0.3%)
(50-54),Male,Burgas,2020,135,679.0,610.0,621.0,633.0,640.0,651.0000000000002,23.6,1.96,20.7,630.3000000000002,671.7000000000003,-516.0,20.7,-79.3,0.6,651.0 (±20.7),-516.0 (±20.7),-79.3% (±0.6%)
(55-59),Male,Burgas,2020,178,679.0,610.0,621.0,633.0,640.0,651.0000000000002,23.6,1.96,20.7,630.3000000000002,671.7000000000003,-473.0,20.7,-72.7,0.8,651.0 (±20.7),-473.0 (±20.7),-72.7% (±0.8%)
(60-64),Male,Burgas,2020,281,679.0,610.0,621.0,633.0,640.0,651.0000000000002,23.6,1.96,20.7,630.3000000000002,671.7000000000003,-370.0,20.7,-56.8,1.4,651.0 (±20.7),-370.0 (±20.7),-56.8% (±1.4%)
(40-44),Male,Dobrich,2020,26,378.0,356.0,347.0,320.0,327.0,352.7999999999999,20.8,1.96,18.2,334.5999999999999,370.9999999999999,-326.8,18.2,-92.6,0.4,352.8 (±18.2),-326.8 (±18.2),-92.6% (±0.4%)
(45-49),Male,Dobrich,2020,56,378.0,356.0,347.0,320.0,327.0,352.7999999999999,20.8,1.96,18.2,334.5999999999999,370.9999999999999,-296.8,18.2,-84.1,0.8,352.8 (±18.2),-296.8 (±18.2),-84.1% (±0.8%)
(50-54),Male,Dobrich,2020,61,378.0,356.0,347.0,320.0,327.0,352.7999999999999,20.8,1.96,18.2,334.5999999999999,370.9999999999999,-291.8,18.2,-82.7,0.9,352.8 (±18.2),-291.8 (±18.2),-82.7% (±0.9%)
(55-59),Male,Dobrich,2020,111,378.0,356.0,347.0,320.0,327.0,352.7999999999999,20.8,1.96,18.2,334.5999999999999,370.9999999999999,-241.8,18.2,-68.5,1.6,352.8 (±18.2),-241.8 (±18.2),-68.5% (±1.6%)
(60-64),Male,Dobrich,2020,139,378.0,356.0,347.0,320.0,327.0,352.7999999999999,20.8,1.96,18.2,334.5999999999999,370.9999999999999,-213.8,18.2,-60.6,1.9,352.8 (±18.2),-213.8 (±18.2),-60.6% (±1.9%)
(40-44),Male,Gabrovo,2020,12,214.0,180.0,185.0,163.0,191.0,193.0,16.6,1.96,14.6,178.4,207.6,-181.0,14.6,-93.8,0.4,193.0 (±14.6),-181.0 (±14.6),-93.8% (±0.4%)
(45-49),Male,Gabrovo,2020,22,214.0,180.0,185.0,163.0,191.0,193.0,16.6,1.96,14.6,178.4,207.6,-171.0,14.6,-88.6,0.8,193.0 (±14.6),-171.0 (±14.6),-88.6% (±0.8%)
(50-54),Male,Gabrovo,2020,37,214.0,180.0,185.0,163.0,191.0,193.0,16.6,1.96,14.6,178.4,207.6,-156.0,14.6,-80.8,1.4,193.0 (±14.6),-156.0 (±14.6),-80.8% (±1.4%)
(55-59),Male,Gabrovo,2020,60,214.0,180.0,185.0,163.0,191.0,193.0,16.6,1.96,14.6,178.4,207.6,-133.0,14.6,-68.9,2.2,193.0 (±14.6),-133.0 (±14.6),-68.9% (±2.2%)
(60-64),Male,Gabrovo,2020,115,214.0,180.0,185.0,163.0,191.0,193.0,16.6,1.96,14.6,178.4,207.6,-78.0,14.6,-40.4,4.2,193.0 (±14.6),-78.0 (±14.6),-40.4% (±4.2%)
(40-44),Male,Haskovo,2020,23,431.0,395.0,392.0,410.0,388.0,416.0,15.8,1.96,13.8,402.2,429.8,-393.0,13.8,-94.5,0.1,416.0 (±13.8),-393.0 (±13.8),-94.5% (±0.1%)
(45-49),Male,Haskovo,2020,54,431.0,395.0,392.0,410.0,388.0,416.0,15.8,1.96,13.8,402.2,429.8,-362.0,13.8,-87.0,0.4,416.0 (±13.8),-362.0 (±13.8),-87.0% (±0.4%)
(50-54),Male,Haskovo,2020,81,431.0,395.0,392.0,410.0,388.0,416.0,15.8,1.96,13.8,402.2,429.8,-335.0,13.8,-80.5,0.7,416.0 (±13.8),-335.0 (±13.8),-80.5% (±0.7%)
(55-59),Male,Haskovo,2020,120,431.0,395.0,392.0,410.0,388.0,416.0,15.8,1.96,13.8,402.2,429.8,-296.0,13.8,-71.2,0.9,416.0 (±13.8),-296.0 (±13.8),-71.2% (±0.9%)
(60-64),Male,Haskovo,2020,199,431.0,395.0,392.0,410.0,388.0,416.0,15.8,1.96,13.8,402.2,429.8,-217.0,13.8,-52.2,1.5,416.0 (±13.8),-217.0 (±13.8),-52.2% (±1.5%)
(40-44),Male,Kardzhali,2020,13,205.0,216.0,201.0,219.0,203.0,214.39999999999998,7.3,1.96,6.4,207.99999999999997,220.79999999999998,-201.4,6.4,-93.9,0.2,214.4 (±6.4),-201.4 (±6.4),-93.9% (±0.2%)
(45-49),Male,Kardzhali,2020,21,205.0,216.0,201.0,219.0,203.0,214.39999999999998,7.3,1.96,6.4,207.99999999999997,220.79999999999998,-193.4,6.4,-90.2,0.3,214.4 (±6.4),-193.4 (±6.4),-90.2% (±0.3%)
(50-54),Male,Kardzhali,2020,37,205.0,216.0,201.0,219.0,203.0,214.39999999999998,7.3,1.96,6.4,207.99999999999997,220.79999999999998,-177.4,6.4,-82.7,0.5,214.4 (±6.4),-177.4 (±6.4),-82.7% (±0.5%)
(55-59),Male,Kardzhali,2020,56,205.0,216.0,201.0,219.0,203.0,214.39999999999998,7.3,1.96,6.4,207.99999999999997,220.79999999999998,-158.4,6.4,-73.9,0.7,214.4 (±6.4),-158.4 (±6.4),-73.9% (±0.7%)
(60-64),Male,Kardzhali,2020,100,205.0,216.0,201.0,219.0,203.0,214.39999999999998,7.3,1.96,6.4,207.99999999999997,220.79999999999998,-114.4,6.4,-53.4,1.3,214.4 (±6.4),-114.4 (±6.4),-53.4% (±1.3%)
(40-44),Male,Kyustendil,2020,15,268.0,268.0,258.0,260.0,267.0,269.80000000000007,4.3,1.96,3.8,266.00000000000006,273.6000000000001,-254.8,3.8,-94.4,0.1,269.8 (±3.8),-254.8 (±3.8),-94.4% (±0.1%)
(45-49),Male,Kyustendil,2020,30,268.0,268.0,258.0,260.0,267.0,269.80000000000007,4.3,1.96,3.8,266.00000000000006,273.6000000000001,-239.8,3.8,-88.9,0.1,269.8 (±3.8),-239.8 (±3.8),-88.9% (±0.1%)
(50-54),Male,Kyustendil,2020,56,268.0,268.0,258.0,260.0,267.0,269.80000000000007,4.3,1.96,3.8,266.00000000000006,273.6000000000001,-213.8,3.8,-79.2,0.3,269.8 (±3.8),-213.8 (±3.8),-79.2% (±0.3%)
(55-59),Male,Kyustendil,2020,96,268.0,268.0,258.0,260.0,267.0,269.80000000000007,4.3,1.96,3.8,266.00000000000006,273.6000000000001,-173.8,3.8,-64.4,0.5,269.8 (±3.8),-173.8 (±3.8),-64.4% (±0.5%)
(60-64),Male,Kyustendil,2020,114,268.0,268.0,258.0,260.0,267.0,269.80000000000007,4.3,1.96,3.8,266.00000000000006,273.6000000000001,-155.8,3.8,-57.7,0.6,269.8 (±3.8),-155.8 (±3.8),-57.7% (±0.6%)
(40-44),Male,Lovech,2020,25,255.0,273.0,229.0,229.0,227.0,248.99999999999997,18.4,1.96,16.1,232.89999999999998,265.09999999999997,-224.0,16.1,-90.0,0.6,249.0 (±16.1),-224.0 (±16.1),-90.0% (±0.6%)
(45-49),Male,Lovech,2020,28,255.0,273.0,229.0,229.0,227.0,248.99999999999997,18.4,1.96,16.1,232.89999999999998,265.09999999999997,-221.0,16.1,-88.8,0.6,249.0 (±16.1),-221.0 (±16.1),-88.8% (±0.6%)
(50-54),Male,Lovech,2020,55,255.0,273.0,229.0,229.0,227.0,248.99999999999997,18.4,1.96,16.1,232.89999999999998,265.09999999999997,-194.0,16.1,-77.9,1.4,249.0 (±16.1),-194.0 (±16.1),-77.9% (±1.4%)
(55-59),Male,Lovech,2020,61,255.0,273.0,229.0,229.0,227.0,248.99999999999997,18.4,1.96,16.1,232.89999999999998,265.09999999999997,-188.0,16.1,-75.5,1.5,249.0 (±16.1),-188.0 (±16.1),-75.5% (±1.5%)
(60-64),Male,Lovech,2020,95,255.0,273.0,229.0,229.0,227.0,248.99999999999997,18.4,1.96,16.1,232.89999999999998,265.09999999999997,-154.0,16.1,-61.8,2.4,249.0 (±16.1),-154.0 (±16.1),-61.8% (±2.4%)
(40-44),Male,Montana,2020,19,252.0,308.0,249.0,250.0,260.0,267.79999999999995,22.4,1.96,19.6,248.19999999999996,287.4,-248.8,19.6,-92.9,0.5,267.8 (±19.6),-248.8 (±19.6),-92.9% (±0.5%)
(45-49),Male,Montana,2020,44,252.0,308.0,249.0,250.0,260.0,267.79999999999995,22.4,1.96,19.6,248.19999999999996,287.4,-223.8,19.6,-83.6,1.1,267.8 (±19.6),-223.8 (±19.6),-83.6% (±1.1%)
(50-54),Male,Montana,2020,55,252.0,308.0,249.0,250.0,260.0,267.79999999999995,22.4,1.96,19.6,248.19999999999996,287.4,-212.8,19.6,-79.5,1.4,267.8 (±19.6),-212.8 (±19.6),-79.5% (±1.4%)
(55-59),Male,Montana,2020,85,252.0,308.0,249.0,250.0,260.0,267.79999999999995,22.4,1.96,19.6,248.19999999999996,287.4,-182.8,19.6,-68.3,2.1,267.8 (±19.6),-182.8 (±19.6),-68.3% (±2.1%)
(60-64),Male,Montana,2020,122,252.0,308.0,249.0,250.0,260.0,267.79999999999995,22.4,1.96,19.6,248.19999999999996,287.4,-145.8,19.6,-54.4,3.2,267.8 (±19.6),-145.8 (±19.6),-54.4% (±3.2%)
(40-44),Male,Pazardzhik,2020,43,480.0,418.0,444.0,416.0,422.0,447.19999999999993,24.2,1.96,21.2,425.99999999999994,468.3999999999999,-404.2,21.2,-90.4,0.4,447.2 (±21.2),-404.2 (±21.2),-90.4% (±0.4%)
(45-49),Male,Pazardzhik,2020,50,480.0,418.0,444.0,416.0,422.0,447.19999999999993,24.2,1.96,21.2,425.99999999999994,468.3999999999999,-397.2,21.2,-88.8,0.5,447.2 (±21.2),-397.2 (±21.2),-88.8% (±0.5%)
(50-54),Male,Pazardzhik,2020,118,480.0,418.0,444.0,416.0,422.0,447.19999999999993,24.2,1.96,21.2,425.99999999999994,468.3999999999999,-329.2,21.2,-73.6,1.2,447.2 (±21.2),-329.2 (±21.2),-73.6% (±1.2%)
(55-59),Male,Pazardzhik,2020,167,480.0,418.0,444.0,416.0,422.0,447.19999999999993,24.2,1.96,21.2,425.99999999999994,468.3999999999999,-280.2,21.2,-62.7,1.6,447.2 (±21.2),-280.2 (±21.2),-62.7% (±1.6%)
(60-64),Male,Pazardzhik,2020,217,480.0,418.0,444.0,416.0,422.0,447.19999999999993,24.2,1.96,21.2,425.99999999999994,468.3999999999999,-230.2,21.2,-51.5,2.2,447.2 (±21.2),-230.2 (±21.2),-51.5% (±2.2%)
(40-44),Male,Pernik,2020,27,265.0,260.0,256.0,279.0,241.0,265.0,12.4,1.96,10.9,254.1,275.9,-238.0,10.9,-89.8,0.4,265.0 (±10.9),-238.0 (±10.9),-89.8% (±0.4%)
(45-49),Male,Pernik,2020,27,265.0,260.0,256.0,279.0,241.0,265.0,12.4,1.96,10.9,254.1,275.9,-238.0,10.9,-89.8,0.4,265.0 (±10.9),-238.0 (±10.9),-89.8% (±0.4%)
(50-54),Male,Pernik,2020,47,265.0,260.0,256.0,279.0,241.0,265.0,12.4,1.96,10.9,254.1,275.9,-218.0,10.9,-82.3,0.7,265.0 (±10.9),-218.0 (±10.9),-82.3% (±0.7%)
(55-59),Male,Pernik,2020,76,265.0,260.0,256.0,279.0,241.0,265.0,12.4,1.96,10.9,254.1,275.9,-189.0,10.9,-71.3,1.2,265.0 (±10.9),-189.0 (±10.9),-71.3% (±1.2%)
(60-64),Male,Pernik,2020,128,265.0,260.0,256.0,279.0,241.0,265.0,12.4,1.96,10.9,254.1,275.9,-137.0,10.9,-51.7,1.9,265.0 (±10.9),-137.0 (±10.9),-51.7% (±1.9%)
(40-44),Male,Pleven,2020,25,432.0,424.0,379.0,428.0,409.0,416.80000000000007,19.3,1.96,16.9,399.9000000000001,433.70000000000005,-391.8,16.9,-94.0,0.2,416.8 (±16.9),-391.8 (±16.9),-94.0% (±0.2%)
(45-49),Male,Pleven,2020,53,432.0,424.0,379.0,428.0,409.0,416.80000000000007,19.3,1.96,16.9,399.9000000000001,433.70000000000005,-363.8,16.9,-87.3,0.5,416.8 (±16.9),-363.8 (±16.9),-87.3% (±0.5%)
(50-54),Male,Pleven,2020,72,432.0,424.0,379.0,428.0,409.0,416.80000000000007,19.3,1.96,16.9,399.9000000000001,433.70000000000005,-344.8,16.9,-82.7,0.7,416.8 (±16.9),-344.8 (±16.9),-82.7% (±0.7%)
(55-59),Male,Pleven,2020,126,432.0,424.0,379.0,428.0,409.0,416.80000000000007,19.3,1.96,16.9,399.9000000000001,433.70000000000005,-290.8,16.9,-69.8,1.1,416.8 (±16.9),-290.8 (±16.9),-69.8% (±1.1%)
(60-64),Male,Pleven,2020,210,432.0,424.0,379.0,428.0,409.0,416.80000000000007,19.3,1.96,16.9,399.9000000000001,433.70000000000005,-206.8,16.9,-49.6,2.0,416.8 (±16.9),-206.8 (±16.9),-49.6% (±2.0%)
(40-44),Male,Plovdiv,2020,84,1056.0,1069.0,937.0,1052.0,952.0,1034.0,56.6,1.96,49.6,984.4,1083.6,-950.0,49.6,-91.9,0.3,1034.0 (±49.6),-950.0 (±49.6),-91.9% (±0.3%)
(45-49),Male,Plovdiv,2020,141,1056.0,1069.0,937.0,1052.0,952.0,1034.0,56.6,1.96,49.6,984.4,1083.6,-893.0,49.6,-86.4,0.6,1034.0 (±49.6),-893.0 (±49.6),-86.4% (±0.6%)
(50-54),Male,Plovdiv,2020,195,1056.0,1069.0,937.0,1052.0,952.0,1034.0,56.6,1.96,49.6,984.4,1083.6,-839.0,49.6,-81.1,0.9,1034.0 (±49.6),-839.0 (±49.6),-81.1% (±0.9%)
(55-59),Male,Plovdiv,2020,301,1056.0,1069.0,937.0,1052.0,952.0,1034.0,56.6,1.96,49.6,984.4,1083.6,-733.0,49.6,-70.9,1.3,1034.0 (±49.6),-733.0 (±49.6),-70.9% (±1.3%)
(60-64),Male,Plovdiv,2020,497,1056.0,1069.0,937.0,1052.0,952.0,1034.0,56.6,1.96,49.6,984.4,1083.6,-537.0,49.6,-51.9,2.2,1034.0 (±49.6),-537.0 (±49.6),-51.9% (±2.2%)
(40-44),Male,Razgrad,2020,16,224.0,225.0,259.0,210.0,196.0,225.19999999999996,21.0,1.96,18.4,206.79999999999995,243.59999999999997,-209.2,18.4,-92.9,0.5,225.2 (±18.4),-209.2 (±18.4),-92.9% (±0.5%)
(45-49),Male,Razgrad,2020,27,224.0,225.0,259.0,210.0,196.0,225.19999999999996,21.0,1.96,18.4,206.79999999999995,243.59999999999997,-198.2,18.4,-88.0,0.9,225.2 (±18.4),-198.2 (±18.4),-88.0% (±0.9%)
(50-54),Male,Razgrad,2020,54,224.0,225.0,259.0,210.0,196.0,225.19999999999996,21.0,1.96,18.4,206.79999999999995,243.59999999999997,-171.2,18.4,-76.0,1.8,225.2 (±18.4),-171.2 (±18.4),-76.0% (±1.8%)
(55-59),Male,Razgrad,2020,76,224.0,225.0,259.0,210.0,196.0,225.19999999999996,21.0,1.96,18.4,206.79999999999995,243.59999999999997,-149.2,18.4,-66.3,2.5,225.2 (±18.4),-149.2 (±18.4),-66.3% (±2.5%)
(60-64),Male,Razgrad,2020,103,224.0,225.0,259.0,210.0,196.0,225.19999999999996,21.0,1.96,18.4,206.79999999999995,243.59999999999997,-122.2,18.4,-54.3,3.4,225.2 (±18.4),-122.2 (±18.4),-54.3% (±3.4%)
(40-44),Male,Ruse,2020,30,372.0,387.0,367.0,368.0,358.0,383.2,9.5,1.96,8.3,374.9,391.5,-353.2,8.3,-92.2,0.1,383.2 (±8.3),-353.2 (±8.3),-92.2% (±0.1%)
(45-49),Male,Ruse,2020,68,372.0,387.0,367.0,368.0,358.0,383.2,9.5,1.96,8.3,374.9,391.5,-315.2,8.3,-82.3,0.3,383.2 (±8.3),-315.2 (±8.3),-82.3% (±0.3%)
(50-54),Male,Ruse,2020,77,372.0,387.0,367.0,368.0,358.0,383.2,9.5,1.96,8.3,374.9,391.5,-306.2,8.3,-79.9,0.4,383.2 (±8.3),-306.2 (±8.3),-79.9% (±0.4%)
(55-59),Male,Ruse,2020,121,372.0,387.0,367.0,368.0,358.0,383.2,9.5,1.96,8.3,374.9,391.5,-262.2,8.3,-68.4,0.7,383.2 (±8.3),-262.2 (±8.3),-68.4% (±0.7%)
(60-64),Male,Ruse,2020,165,372.0,387.0,367.0,368.0,358.0,383.2,9.5,1.96,8.3,374.9,391.5,-218.2,8.3,-56.9,1.0,383.2 (±8.3),-218.2 (±8.3),-56.9% (±1.0%)
(40-44),Male,Severen tsentralen,2020,92,1471.0,1419.0,1441.0,1358.0,1318.0,1442.1999999999998,55.8,1.96,48.9,1393.2999999999997,1491.1,-1350.2,48.9,-93.6,0.2,1442.2 (±48.9),-1350.2 (±48.9),-93.6% (±0.2%)
(45-49),Male,Severen tsentralen,2020,175,1471.0,1419.0,1441.0,1358.0,1318.0,1442.1999999999998,55.8,1.96,48.9,1393.2999999999997,1491.1,-1267.2,48.9,-87.9,0.4,1442.2 (±48.9),-1267.2 (±48.9),-87.9% (±0.4%)
(50-54),Male,Severen tsentralen,2020,286,1471.0,1419.0,1441.0,1358.0,1318.0,1442.1999999999998,55.8,1.96,48.9,1393.2999999999997,1491.1,-1156.2,48.9,-80.2,0.6,1442.2 (±48.9),-1156.2 (±48.9),-80.2% (±0.6%)
(55-59),Male,Severen tsentralen,2020,485,1471.0,1419.0,1441.0,1358.0,1318.0,1442.1999999999998,55.8,1.96,48.9,1393.2999999999997,1491.1,-957.2,48.9,-66.4,1.1,1442.2 (±48.9),-957.2 (±48.9),-66.4% (±1.1%)
(60-64),Male,Severen tsentralen,2020,680,1471.0,1419.0,1441.0,1358.0,1318.0,1442.1999999999998,55.8,1.96,48.9,1393.2999999999997,1491.1,-762.2,48.9,-52.8,1.6,1442.2 (±48.9),-762.2 (±48.9),-52.8% (±1.6%)
(40-44),Male,Severna i yugoiztochna Bulgaria,2020,430,6273.0,6284.0,5874.0,5937.0,5806.0,6160.4,203.3,1.96,178.2,5982.2,6338.599999999999,-5730.4,178.2,-93.0,0.2,6160.4 (±178.2),-5730.4 (±178.2),-93.0% (±0.2%)
(45-49),Male,Severna i yugoiztochna Bulgaria,2020,808,6273.0,6284.0,5874.0,5937.0,5806.0,6160.4,203.3,1.96,178.2,5982.2,6338.599999999999,-5352.4,178.2,-86.9,0.4,6160.4 (±178.2),-5352.4 (±178.2),-86.9% (±0.4%)
(50-54),Male,Severna i yugoiztochna Bulgaria,2020,1213,6273.0,6284.0,5874.0,5937.0,5806.0,6160.4,203.3,1.96,178.2,5982.2,6338.599999999999,-4947.4,178.2,-80.3,0.6,6160.4 (±178.2),-4947.4 (±178.2),-80.3% (±0.6%)
(55-59),Male,Severna i yugoiztochna Bulgaria,2020,1946,6273.0,6284.0,5874.0,5937.0,5806.0,6160.4,203.3,1.96,178.2,5982.2,6338.599999999999,-4214.4,178.2,-68.4,0.9,6160.4 (±178.2),-4214.4 (±178.2),-68.4% (±0.9%)
(60-64),Male,Severna i yugoiztochna Bulgaria,2020,2748,6273.0,6284.0,5874.0,5937.0,5806.0,6160.4,203.3,1.96,178.2,5982.2,6338.599999999999,-3412.4,178.2,-55.4,1.2,6160.4 (±178.2),-3412.4 (±178.2),-55.4% (±1.2%)
(40-44),Male,Severoiztochen,2020,123,1603.0,1552.0,1434.0,1465.0,1461.0,1530.1999999999998,63.8,1.96,55.9,1474.2999999999997,1586.1,-1407.2,55.9,-92.0,0.2,1530.2 (±55.9),-1407.2 (±55.9),-92.0% (±0.2%)
(45-49),Male,Severoiztochen,2020,199,1603.0,1552.0,1434.0,1465.0,1461.0,1530.1999999999998,63.8,1.96,55.9,1474.2999999999997,1586.1,-1331.2,55.9,-87.0,0.5,1530.2 (±55.9),-1331.2 (±55.9),-87.0% (±0.5%)
(50-54),Male,Severoiztochen,2020,304,1603.0,1552.0,1434.0,1465.0,1461.0,1530.1999999999998,63.8,1.96,55.9,1474.2999999999997,1586.1,-1226.2,55.9,-80.1,0.7,1530.2 (±55.9),-1226.2 (±55.9),-80.1% (±0.7%)
(55-59),Male,Severoiztochen,2020,489,1603.0,1552.0,1434.0,1465.0,1461.0,1530.1999999999998,63.8,1.96,55.9,1474.2999999999997,1586.1,-1041.2,55.9,-68.0,1.2,1530.2 (±55.9),-1041.2 (±55.9),-68.0% (±1.2%)
(60-64),Male,Severoiztochen,2020,647,1603.0,1552.0,1434.0,1465.0,1461.0,1530.1999999999998,63.8,1.96,55.9,1474.2999999999997,1586.1,-883.2,55.9,-57.7,1.5,1530.2 (±55.9),-883.2 (±55.9),-57.7% (±1.5%)
(40-44),Male,Severozapaden,2020,85,1473.0,1536.0,1339.0,1398.0,1385.0,1444.6,69.8,1.96,61.2,1383.3999999999999,1505.8,-1359.6,61.2,-94.1,0.3,1444.6 (±61.2),-1359.6 (±61.2),-94.1% (±0.3%)
(45-49),Male,Severozapaden,2020,200,1473.0,1536.0,1339.0,1398.0,1385.0,1444.6,69.8,1.96,61.2,1383.3999999999999,1505.8,-1244.6,61.2,-86.2,0.5,1444.6 (±61.2),-1244.6 (±61.2),-86.2% (±0.5%)
(50-54),Male,Severozapaden,2020,295,1473.0,1536.0,1339.0,1398.0,1385.0,1444.6,69.8,1.96,61.2,1383.3999999999999,1505.8,-1149.6,61.2,-79.6,0.8,1444.6 (±61.2),-1149.6 (±61.2),-79.6% (±0.8%)
(55-59),Male,Severozapaden,2020,443,1473.0,1536.0,1339.0,1398.0,1385.0,1444.6,69.8,1.96,61.2,1383.3999999999999,1505.8,-1001.6,61.2,-69.3,1.3,1444.6 (±61.2),-1001.6 (±61.2),-69.3% (±1.3%)
(60-64),Male,Severozapaden,2020,672,1473.0,1536.0,1339.0,1398.0,1385.0,1444.6,69.8,1.96,61.2,1383.3999999999999,1505.8,-772.6,61.2,-53.5,1.9,1444.6 (±61.2),-772.6 (±61.2),-53.5% (±1.9%)
(40-44),Male,Shumen,2020,24,328.0,299.0,260.0,323.0,304.0,307.6000000000001,24.0,1.96,21.0,286.6000000000001,328.6000000000001,-283.6,21.0,-92.2,0.5,307.6 (±21.0),-283.6 (±21.0),-92.2% (±0.5%)
(45-49),Male,Shumen,2020,38,328.0,299.0,260.0,323.0,304.0,307.6000000000001,24.0,1.96,21.0,286.6000000000001,328.6000000000001,-269.6,21.0,-87.6,0.8,307.6 (±21.0),-269.6 (±21.0),-87.6% (±0.8%)
(50-54),Male,Shumen,2020,62,328.0,299.0,260.0,323.0,304.0,307.6000000000001,24.0,1.96,21.0,286.6000000000001,328.6000000000001,-245.6,21.0,-79.8,1.3,307.6 (±21.0),-245.6 (±21.0),-79.8% (±1.3%)
(55-59),Male,Shumen,2020,93,328.0,299.0,260.0,323.0,304.0,307.6000000000001,24.0,1.96,21.0,286.6000000000001,328.6000000000001,-214.6,21.0,-69.8,1.9,307.6 (±21.0),-214.6 (±21.0),-69.8% (±1.9%)
(60-64),Male,Shumen,2020,144,328.0,299.0,260.0,323.0,304.0,307.6000000000001,24.0,1.96,21.0,286.6000000000001,328.6000000000001,-163.6,21.0,-53.2,3.0,307.6 (±21.0),-163.6 (±21.0),-53.2% (±3.0%)
(40-44),Male,Silistra,2020,16,244.0,207.0,225.0,213.0,207.0,225.60000000000005,14.0,1.96,12.3,213.30000000000004,237.90000000000006,-209.6,12.3,-92.9,0.4,225.6 (±12.3),-209.6 (±12.3),-92.9% (±0.4%)
(45-49),Male,Silistra,2020,18,244.0,207.0,225.0,213.0,207.0,225.60000000000005,14.0,1.96,12.3,213.30000000000004,237.90000000000006,-207.6,12.3,-92.0,0.4,225.6 (±12.3),-207.6 (±12.3),-92.0% (±0.4%)
(50-54),Male,Silistra,2020,46,244.0,207.0,225.0,213.0,207.0,225.60000000000005,14.0,1.96,12.3,213.30000000000004,237.90000000000006,-179.6,12.3,-79.6,1.1,225.6 (±12.3),-179.6 (±12.3),-79.6% (±1.1%)
(55-59),Male,Silistra,2020,83,244.0,207.0,225.0,213.0,207.0,225.60000000000005,14.0,1.96,12.3,213.30000000000004,237.90000000000006,-142.6,12.3,-63.2,1.9,225.6 (±12.3),-142.6 (±12.3),-63.2% (±1.9%)
(60-64),Male,Silistra,2020,107,244.0,207.0,225.0,213.0,207.0,225.60000000000005,14.0,1.96,12.3,213.30000000000004,237.90000000000006,-118.6,12.3,-52.6,2.4,225.6 (±12.3),-118.6 (±12.3),-52.6% (±2.4%)
(40-44),Male,Sliven,2020,27,292.0,342.0,340.0,308.0,296.0,319.6,21.4,1.96,18.8,300.8,338.40000000000003,-292.6,18.8,-91.6,0.4,319.6 (±18.8),-292.6 (±18.8),-91.6% (±0.4%)
(45-49),Male,Sliven,2020,44,292.0,342.0,340.0,308.0,296.0,319.6,21.4,1.96,18.8,300.8,338.40000000000003,-275.6,18.8,-86.2,0.8,319.6 (±18.8),-275.6 (±18.8),-86.2% (±0.8%)
(50-54),Male,Sliven,2020,56,292.0,342.0,340.0,308.0,296.0,319.6,21.4,1.96,18.8,300.8,338.40000000000003,-263.6,18.8,-82.5,1.0,319.6 (±18.8),-263.6 (±18.8),-82.5% (±1.0%)
(55-59),Male,Sliven,2020,103,292.0,342.0,340.0,308.0,296.0,319.6,21.4,1.96,18.8,300.8,338.40000000000003,-216.6,18.8,-67.8,1.8,319.6 (±18.8),-216.6 (±18.8),-67.8% (±1.8%)
(60-64),Male,Sliven,2020,125,292.0,342.0,340.0,308.0,296.0,319.6,21.4,1.96,18.8,300.8,338.40000000000003,-194.6,18.8,-60.9,2.2,319.6 (±18.8),-194.6 (±18.8),-60.9% (±2.2%)
(40-44),Male,Smolyan,2020,12,201.0,172.0,190.0,188.0,195.0,190.80000000000004,9.7,1.96,8.5,182.30000000000004,199.30000000000004,-178.8,8.5,-93.7,0.3,190.8 (±8.5),-178.8 (±8.5),-93.7% (±0.3%)
(45-49),Male,Smolyan,2020,21,201.0,172.0,190.0,188.0,195.0,190.80000000000004,9.7,1.96,8.5,182.30000000000004,199.30000000000004,-169.8,8.5,-89.0,0.5,190.8 (±8.5),-169.8 (±8.5),-89.0% (±0.5%)
(50-54),Male,Smolyan,2020,36,201.0,172.0,190.0,188.0,195.0,190.80000000000004,9.7,1.96,8.5,182.30000000000004,199.30000000000004,-154.8,8.5,-81.1,0.8,190.8 (±8.5),-154.8 (±8.5),-81.1% (±0.8%)
(55-59),Male,Smolyan,2020,69,201.0,172.0,190.0,188.0,195.0,190.80000000000004,9.7,1.96,8.5,182.30000000000004,199.30000000000004,-121.8,8.5,-63.8,1.6,190.8 (±8.5),-121.8 (±8.5),-63.8% (±1.6%)
(60-64),Male,Smolyan,2020,103,201.0,172.0,190.0,188.0,195.0,190.80000000000004,9.7,1.96,8.5,182.30000000000004,199.30000000000004,-87.8,8.5,-46.0,2.3,190.8 (±8.5),-87.8 (±8.5),-46.0% (±2.3%)
(40-44),Male,Sofia,2020,41,463.0,464.0,470.0,459.0,426.0,462.7999999999999,15.6,1.96,13.7,449.0999999999999,476.4999999999999,-421.8,13.7,-91.1,0.3,462.8 (±13.7),-421.8 (±13.7),-91.1% (±0.3%)
(45-49),Male,Sofia,2020,67,463.0,464.0,470.0,459.0,426.0,462.7999999999999,15.6,1.96,13.7,449.0999999999999,476.4999999999999,-395.8,13.7,-85.5,0.4,462.8 (±13.7),-395.8 (±13.7),-85.5% (±0.4%)
(50-54),Male,Sofia,2020,87,463.0,464.0,470.0,459.0,426.0,462.7999999999999,15.6,1.96,13.7,449.0999999999999,476.4999999999999,-375.8,13.7,-81.2,0.5,462.8 (±13.7),-375.8 (±13.7),-81.2% (±0.5%)
(55-59),Male,Sofia,2020,155,463.0,464.0,470.0,459.0,426.0,462.7999999999999,15.6,1.96,13.7,449.0999999999999,476.4999999999999,-307.8,13.7,-66.5,1.0,462.8 (±13.7),-307.8 (±13.7),-66.5% (±1.0%)
(60-64),Male,Sofia,2020,239,463.0,464.0,470.0,459.0,426.0,462.7999999999999,15.6,1.96,13.7,449.0999999999999,476.4999999999999,-223.8,13.7,-48.4,1.4,462.8 (±13.7),-223.8 (±13.7),-48.4% (±1.4%)
(40-44),Male,Sofia (stolitsa),2020,164,1680.0,1550.0,1566.0,1512.0,1516.0,1598.4,61.1,1.96,53.6,1544.8000000000002,1652.0,-1434.4,53.6,-89.7,0.4,1598.4 (±53.6),-1434.4 (±53.6),-89.7% (±0.4%)
(45-49),Male,Sofia (stolitsa),2020,239,1680.0,1550.0,1566.0,1512.0,1516.0,1598.4,61.1,1.96,53.6,1544.8000000000002,1652.0,-1359.4,53.6,-85.0,0.5,1598.4 (±53.6),-1359.4 (±53.6),-85.0% (±0.5%)
(50-54),Male,Sofia (stolitsa),2020,319,1680.0,1550.0,1566.0,1512.0,1516.0,1598.4,61.1,1.96,53.6,1544.8000000000002,1652.0,-1279.4,53.6,-80.0,0.7,1598.4 (±53.6),-1279.4 (±53.6),-80.0% (±0.7%)
(55-59),Male,Sofia (stolitsa),2020,460,1680.0,1550.0,1566.0,1512.0,1516.0,1598.4,61.1,1.96,53.6,1544.8000000000002,1652.0,-1138.4,53.6,-71.2,1.0,1598.4 (±53.6),-1138.4 (±53.6),-71.2% (±1.0%)
(60-64),Male,Sofia (stolitsa),2020,703,1680.0,1550.0,1566.0,1512.0,1516.0,1598.4,61.1,1.96,53.6,1544.8000000000002,1652.0,-895.4,53.6,-56.0,1.4,1598.4 (±53.6),-895.4 (±53.6),-56.0% (±1.4%)
(40-44),Male,Stara Zagora,2020,42,534.0,597.0,483.0,536.0,503.0,547.4000000000002,38.7,1.96,33.9,513.5000000000002,581.3000000000002,-505.4,33.9,-92.3,0.5,547.4 (±33.9),-505.4 (±33.9),-92.3% (±0.5%)
(45-49),Male,Stara Zagora,2020,83,534.0,597.0,483.0,536.0,503.0,547.4000000000002,38.7,1.96,33.9,513.5000000000002,581.3000000000002,-464.4,33.9,-84.8,0.9,547.4 (±33.9),-464.4 (±33.9),-84.8% (±0.9%)
(50-54),Male,Stara Zagora,2020,106,534.0,597.0,483.0,536.0,503.0,547.4000000000002,38.7,1.96,33.9,513.5000000000002,581.3000000000002,-441.4,33.9,-80.6,1.2,547.4 (±33.9),-441.4 (±33.9),-80.6% (±1.2%)
(55-59),Male,Stara Zagora,2020,171,534.0,597.0,483.0,536.0,503.0,547.4000000000002,38.7,1.96,33.9,513.5000000000002,581.3000000000002,-376.4,33.9,-68.8,1.8,547.4 (±33.9),-376.4 (±33.9),-68.8% (±1.8%)
(60-64),Male,Stara Zagora,2020,244,534.0,597.0,483.0,536.0,503.0,547.4000000000002,38.7,1.96,33.9,513.5000000000002,581.3000000000002,-303.4,33.9,-55.4,2.6,547.4 (±33.9),-303.4 (±33.9),-55.4% (±2.6%)
(40-44),Male,Targovishte,2020,17,209.0,199.0,187.0,190.0,199.0,202.4,7.8,1.96,6.8,195.6,209.20000000000002,-185.4,6.8,-91.6,0.3,202.4 (±6.8),-185.4 (±6.8),-91.6% (±0.3%)
(45-49),Male,Targovishte,2020,15,209.0,199.0,187.0,190.0,199.0,202.4,7.8,1.96,6.8,195.6,209.20000000000002,-187.4,6.8,-92.6,0.2,202.4 (±6.8),-187.4 (±6.8),-92.6% (±0.2%)
(50-54),Male,Targovishte,2020,40,209.0,199.0,187.0,190.0,199.0,202.4,7.8,1.96,6.8,195.6,209.20000000000002,-162.4,6.8,-80.2,0.7,202.4 (±6.8),-162.4 (±6.8),-80.2% (±0.7%)
(55-59),Male,Targovishte,2020,63,209.0,199.0,187.0,190.0,199.0,202.4,7.8,1.96,6.8,195.6,209.20000000000002,-139.4,6.8,-68.9,1.0,202.4 (±6.8),-139.4 (±6.8),-68.9% (±1.0%)
(60-64),Male,Targovishte,2020,95,209.0,199.0,187.0,190.0,199.0,202.4,7.8,1.96,6.8,195.6,209.20000000000002,-107.4,6.8,-53.1,1.5,202.4 (±6.8),-107.4 (±6.8),-53.1% (±1.5%)
(40-44),Male,Varna,2020,56,688.0,698.0,640.0,632.0,631.0,667.4000000000001,29.1,1.96,25.5,641.9000000000001,692.9000000000001,-611.4,25.5,-91.6,0.3,667.4 (±25.5),-611.4 (±25.5),-91.6% (±0.3%)
(45-49),Male,Varna,2020,90,688.0,698.0,640.0,632.0,631.0,667.4000000000001,29.1,1.96,25.5,641.9000000000001,692.9000000000001,-577.4,25.5,-86.5,0.5,667.4 (±25.5),-577.4 (±25.5),-86.5% (±0.5%)
(50-54),Male,Varna,2020,141,688.0,698.0,640.0,632.0,631.0,667.4000000000001,29.1,1.96,25.5,641.9000000000001,692.9000000000001,-526.4,25.5,-78.9,0.8,667.4 (±25.5),-526.4 (±25.5),-78.9% (±0.8%)
(55-59),Male,Varna,2020,222,688.0,698.0,640.0,632.0,631.0,667.4000000000001,29.1,1.96,25.5,641.9000000000001,692.9000000000001,-445.4,25.5,-66.7,1.3,667.4 (±25.5),-445.4 (±25.5),-66.7% (±1.3%)
(60-64),Male,Varna,2020,269,688.0,698.0,640.0,632.0,631.0,667.4000000000001,29.1,1.96,25.5,641.9000000000001,692.9000000000001,-398.4,25.5,-59.7,1.5,667.4 (±25.5),-398.4 (±25.5),-59.7% (±1.5%)
(40-44),Male,Veliko Tarnovo,2020,18,417.0,420.0,405.0,404.0,366.0,415.1999999999999,19.3,1.96,16.9,398.2999999999999,432.09999999999985,-397.2,16.9,-95.7,0.1,415.2 (±16.9),-397.2 (±16.9),-95.7% (±0.1%)
(45-49),Male,Veliko Tarnovo,2020,40,417.0,420.0,405.0,404.0,366.0,415.1999999999999,19.3,1.96,16.9,398.2999999999999,432.09999999999985,-375.2,16.9,-90.4,0.3,415.2 (±16.9),-375.2 (±16.9),-90.4% (±0.3%)
(50-54),Male,Veliko Tarnovo,2020,72,417.0,420.0,405.0,404.0,366.0,415.1999999999999,19.3,1.96,16.9,398.2999999999999,432.09999999999985,-343.2,16.9,-82.7,0.6,415.2 (±16.9),-343.2 (±16.9),-82.7% (±0.6%)
(55-59),Male,Veliko Tarnovo,2020,145,417.0,420.0,405.0,404.0,366.0,415.1999999999999,19.3,1.96,16.9,398.2999999999999,432.09999999999985,-270.2,16.9,-65.1,1.3,415.2 (±16.9),-270.2 (±16.9),-65.1% (±1.3%)
(60-64),Male,Veliko Tarnovo,2020,190,417.0,420.0,405.0,404.0,366.0,415.1999999999999,19.3,1.96,16.9,398.2999999999999,432.09999999999985,-225.2,16.9,-54.2,1.8,415.2 (±16.9),-225.2 (±16.9),-54.2% (±1.8%)
(40-44),Male,Vidin,2020,4,179.0,169.0,161.0,181.0,175.0,176.20000000000002,7.3,1.96,6.4,169.8,182.60000000000002,-172.2,6.4,-97.7,0.1,176.2 (±6.4),-172.2 (±6.4),-97.7% (±0.1%)
(45-49),Male,Vidin,2020,27,179.0,169.0,161.0,181.0,175.0,176.20000000000002,7.3,1.96,6.4,169.8,182.60000000000002,-149.2,6.4,-84.7,0.5,176.2 (±6.4),-149.2 (±6.4),-84.7% (±0.5%)
(50-54),Male,Vidin,2020,41,179.0,169.0,161.0,181.0,175.0,176.20000000000002,7.3,1.96,6.4,169.8,182.60000000000002,-135.2,6.4,-76.7,0.8,176.2 (±6.4),-135.2 (±6.4),-76.7% (±0.8%)
(55-59),Male,Vidin,2020,55,179.0,169.0,161.0,181.0,175.0,176.20000000000002,7.3,1.96,6.4,169.8,182.60000000000002,-121.2,6.4,-68.8,1.1,176.2 (±6.4),-121.2 (±6.4),-68.8% (±1.1%)
(60-64),Male,Vidin,2020,75,179.0,169.0,161.0,181.0,175.0,176.20000000000002,7.3,1.96,6.4,169.8,182.60000000000002,-101.2,6.4,-57.4,1.5,176.2 (±6.4),-101.2 (±6.4),-57.4% (±1.5%)
(40-44),Male,Vratsa,2020,12,355.0,362.0,321.0,310.0,314.0,334.8000000000001,21.7,1.96,19.0,315.8000000000001,353.8000000000001,-322.8,19.0,-96.4,0.2,334.8 (±19.0),-322.8 (±19.0),-96.4% (±0.2%)
(45-49),Male,Vratsa,2020,48,355.0,362.0,321.0,310.0,314.0,334.8000000000001,21.7,1.96,19.0,315.8000000000001,353.8000000000001,-286.8,19.0,-85.7,0.7,334.8 (±19.0),-286.8 (±19.0),-85.7% (±0.7%)
(50-54),Male,Vratsa,2020,72,355.0,362.0,321.0,310.0,314.0,334.8000000000001,21.7,1.96,19.0,315.8000000000001,353.8000000000001,-262.8,19.0,-78.5,1.1,334.8 (±19.0),-262.8 (±19.0),-78.5% (±1.1%)
(55-59),Male,Vratsa,2020,116,355.0,362.0,321.0,310.0,314.0,334.8000000000001,21.7,1.96,19.0,315.8000000000001,353.8000000000001,-218.8,19.0,-65.4,1.8,334.8 (±19.0),-218.8 (±19.0),-65.4% (±1.8%)
(60-64),Male,Vratsa,2020,170,355.0,362.0,321.0,310.0,314.0,334.8000000000001,21.7,1.96,19.0,315.8000000000001,353.8000000000001,-164.8,19.0,-49.2,2.8,334.8 (±19.0),-164.8 (±19.0),-49.2% (±2.8%)
(40-44),Male,Yambol,2020,17,221.0,228.0,216.0,239.0,203.0,225.39999999999995,12.0,1.96,10.5,214.89999999999995,235.89999999999995,-208.4,10.5,-92.5,0.3,225.4 (±10.5),-208.4 (±10.5),-92.5% (±0.3%)
(45-49),Male,Yambol,2020,26,221.0,228.0,216.0,239.0,203.0,225.39999999999995,12.0,1.96,10.5,214.89999999999995,235.89999999999995,-199.4,10.5,-88.5,0.5,225.4 (±10.5),-199.4 (±10.5),-88.5% (±0.5%)
(50-54),Male,Yambol,2020,31,221.0,228.0,216.0,239.0,203.0,225.39999999999995,12.0,1.96,10.5,214.89999999999995,235.89999999999995,-194.4,10.5,-86.2,0.7,225.4 (±10.5),-194.4 (±10.5),-86.2% (±0.7%)
(55-59),Male,Yambol,2020,77,221.0,228.0,216.0,239.0,203.0,225.39999999999995,12.0,1.96,10.5,214.89999999999995,235.89999999999995,-148.4,10.5,-65.8,1.6,225.4 (±10.5),-148.4 (±10.5),-65.8% (±1.6%)
(60-64),Male,Yambol,2020,99,221.0,228.0,216.0,239.0,203.0,225.39999999999995,12.0,1.96,10.5,214.89999999999995,235.89999999999995,-126.4,10.5,-56.1,1.9,225.4 (±10.5),-126.4 (±10.5),-56.1% (±1.9%)
(40-44),Male,Yugoiztochen,2020,130,1726.0,1777.0,1660.0,1716.0,1642.0,1743.4000000000003,48.4,1.96,42.4,1701.0000000000002,1785.8000000000004,-1613.4,42.4,-92.5,0.2,1743.4 (±42.4),-1613.4 (±42.4),-92.5% (±0.2%)
(45-49),Male,Yugoiztochen,2020,234,1726.0,1777.0,1660.0,1716.0,1642.0,1743.4000000000003,48.4,1.96,42.4,1701.0000000000002,1785.8000000000004,-1509.4,42.4,-86.6,0.3,1743.4 (±42.4),-1509.4 (±42.4),-86.6% (±0.3%)
(50-54),Male,Yugoiztochen,2020,328,1726.0,1777.0,1660.0,1716.0,1642.0,1743.4000000000003,48.4,1.96,42.4,1701.0000000000002,1785.8000000000004,-1415.4,42.4,-81.2,0.4,1743.4 (±42.4),-1415.4 (±42.4),-81.2% (±0.4%)
(55-59),Male,Yugoiztochen,2020,529,1726.0,1777.0,1660.0,1716.0,1642.0,1743.4000000000003,48.4,1.96,42.4,1701.0000000000002,1785.8000000000004,-1214.4,42.4,-69.7,0.7,1743.4 (±42.4),-1214.4 (±42.4),-69.7% (±0.7%)
(60-64),Male,Yugoiztochen,2020,749,1726.0,1777.0,1660.0,1716.0,1642.0,1743.4000000000003,48.4,1.96,42.4,1701.0000000000002,1785.8000000000004,-994.4,42.4,-57.0,1.1,1743.4 (±42.4),-994.4 (±42.4),-57.0% (±1.1%)
(40-44),Male,Yugozapaden,2020,291,3184.0,3018.0,3037.0,2981.0,2901.0,3084.2000000000007,92.5,1.96,81.1,3003.100000000001,3165.3000000000006,-2793.2,81.1,-90.6,0.2,3084.2 (±81.1),-2793.2 (±81.1),-90.6% (±0.2%)
(45-49),Male,Yugozapaden,2020,414,3184.0,3018.0,3037.0,2981.0,2901.0,3084.2000000000007,92.5,1.96,81.1,3003.100000000001,3165.3000000000006,-2670.2,81.1,-86.6,0.3,3084.2 (±81.1),-2670.2 (±81.1),-86.6% (±0.3%)
(50-54),Male,Yugozapaden,2020,611,3184.0,3018.0,3037.0,2981.0,2901.0,3084.2000000000007,92.5,1.96,81.1,3003.100000000001,3165.3000000000006,-2473.2,81.1,-80.2,0.5,3084.2 (±81.1),-2473.2 (±81.1),-80.2% (±0.5%)
(55-59),Male,Yugozapaden,2020,960,3184.0,3018.0,3037.0,2981.0,2901.0,3084.2000000000007,92.5,1.96,81.1,3003.100000000001,3165.3000000000006,-2124.2,81.1,-68.9,0.8,3084.2 (±81.1),-2124.2 (±81.1),-68.9% (±0.8%)
(60-64),Male,Yugozapaden,2020,1410,3184.0,3018.0,3037.0,2981.0,2901.0,3084.2000000000007,92.5,1.96,81.1,3003.100000000001,3165.3000000000006,-1674.2,81.1,-54.3,1.2,3084.2 (±81.1),-1674.2 (±81.1),-54.3% (±1.2%)
(40-44),Male,Yugozapadna i yuzhna tsentralna Bulgaria,2020,466,5557.0,5288.0,5201.0,5266.0,5061.0,5386.6,161.9,1.96,141.9,5244.700000000001,5528.5,-4920.6,141.9,-91.3,0.3,5386.6 (±141.9),-4920.6 (±141.9),-91.3% (±0.3%)
(45-49),Male,Yugozapadna i yuzhna tsentralna Bulgaria,2020,701,5557.0,5288.0,5201.0,5266.0,5061.0,5386.6,161.9,1.96,141.9,5244.700000000001,5528.5,-4685.6,141.9,-87.0,0.3,5386.6 (±141.9),-4685.6 (±141.9),-87.0% (±0.3%)
(50-54),Male,Yugozapadna i yuzhna tsentralna Bulgaria,2020,1078,5557.0,5288.0,5201.0,5266.0,5061.0,5386.6,161.9,1.96,141.9,5244.700000000001,5528.5,-4308.6,141.9,-80.0,0.5,5386.6 (±141.9),-4308.6 (±141.9),-80.0% (±0.5%)
(55-59),Male,Yugozapadna i yuzhna tsentralna Bulgaria,2020,1673,5557.0,5288.0,5201.0,5266.0,5061.0,5386.6,161.9,1.96,141.9,5244.700000000001,5528.5,-3713.6,141.9,-68.9,0.8,5386.6 (±141.9),-3713.6 (±141.9),-68.9% (±0.8%)
(60-64),Male,Yugozapadna i yuzhna tsentralna Bulgaria,2020,2526,5557.0,5288.0,5201.0,5266.0,5061.0,5386.6,161.9,1.96,141.9,5244.700000000001,5528.5,-2860.6,141.9,-53.1,1.2,5386.6 (±141.9),-2860.6 (±141.9),-53.1% (±1.2%)
(40-44),Male,Yuzhen tsentralen,2020,175,2373.0,2270.0,2164.0,2285.0,2160.0,2302.3999999999996,80.3,1.96,70.4,2231.9999999999995,2372.7999999999997,-2127.4,70.4,-92.4,0.2,2302.4 (±70.4),-2127.4 (±70.4),-92.4% (±0.2%)
(45-49),Male,Yuzhen tsentralen,2020,287,2373.0,2270.0,2164.0,2285.0,2160.0,2302.3999999999996,80.3,1.96,70.4,2231.9999999999995,2372.7999999999997,-2015.4,70.4,-87.5,0.4,2302.4 (±70.4),-2015.4 (±70.4),-87.5% (±0.4%)
(50-54),Male,Yuzhen tsentralen,2020,467,2373.0,2270.0,2164.0,2285.0,2160.0,2302.3999999999996,80.3,1.96,70.4,2231.9999999999995,2372.7999999999997,-1835.4,70.4,-79.7,0.6,2302.4 (±70.4),-1835.4 (±70.4),-79.7% (±0.6%)
(55-59),Male,Yuzhen tsentralen,2020,713,2373.0,2270.0,2164.0,2285.0,2160.0,2302.3999999999996,80.3,1.96,70.4,2231.9999999999995,2372.7999999999997,-1589.4,70.4,-69.0,1.0,2302.4 (±70.4),-1589.4 (±70.4),-69.0% (±1.0%)
(60-64),Male,Yuzhen tsentralen,2020,1116,2373.0,2270.0,2164.0,2285.0,2160.0,2302.3999999999996,80.3,1.96,70.4,2231.9999999999995,2372.7999999999997,-1186.4,70.4,-51.5,1.5,2302.4 (±70.4),-1186.4 (±70.4),-51.5% (±1.5%)
