Sex,Location,Year,Mortality,2015,2016,2017,2018,2019,Mean_Mortality,STD,Z-Score(95%),Conf_interval,Lower_bound_Mean_mortality,Upper_bound_Mean_mortality,Excess_mortality_Mean,Excess_mortality_fluc,P_Score,P_score_fluctuation,Mean Mortality ±,Excess Mortality ±,P_score ±,Population,Excess_mortality_per_10^5,Excess_mortality_per_10^5_fluc,Excess_mortality_per_10^5_±
Female,Austria,2020,3204.0,3178.0,3099.0,2981.0,3031.0,3009.0,3121.2000000000003,70.9,1.96,62.1,3059.1000000000004,3183.3,82.8,62.1,2.7,2.0,3121.2 (±62.1),82.8 (±62.1),2.7% (±2.0%),281274,29.4,22.1,29.4(±22.1)
Female,Austria,2020,3204.0,3178.0,3099.0,2981.0,3031.0,3009.0,3121.2000000000003,70.9,1.96,62.1,3059.1000000000004,3183.3,82.8,62.1,2.7,2.0,3121.2 (±62.1),82.8 (±62.1),2.7% (±2.0%),313946,26.4,19.8,26.4(±19.8)
Female,Austria,2020,3204.0,3178.0,3099.0,2981.0,3031.0,3009.0,3121.2000000000003,70.9,1.96,62.1,3059.1000000000004,3183.3,82.8,62.1,2.7,2.0,3121.2 (±62.1),82.8 (±62.1),2.7% (±2.0%),354457,23.4,17.5,23.4(±17.5)
Female,Austria,2020,3204.0,3178.0,3099.0,2981.0,3031.0,3009.0,3121.2000000000003,70.9,1.96,62.1,3059.1000000000004,3183.3,82.8,62.1,2.7,2.0,3121.2 (±62.1),82.8 (±62.1),2.7% (±2.0%),343335,24.1,18.1,24.1(±18.1)
Female,Austria,2020,3204.0,3178.0,3099.0,2981.0,3031.0,3009.0,3121.2000000000003,70.9,1.96,62.1,3059.1000000000004,3183.3,82.8,62.1,2.7,2.0,3121.2 (±62.1),82.8 (±62.1),2.7% (±2.0%),289698,28.6,21.4,28.6(±21.4)
Female,Belgium,2020,4659.0,4894.0,4532.0,4430.0,4525.0,4388.0,4644.999999999999,178.8,1.96,156.7,4488.299999999999,4801.699999999999,14.0,156.7,0.3,3.3,4645.0 (±156.7),14.0 (±156.7),0.3% (±3.3%),366609,3.8,42.8,3.8(±42.8)
Female,Belgium,2020,4659.0,4894.0,4532.0,4430.0,4525.0,4388.0,4644.999999999999,178.8,1.96,156.7,4488.299999999999,4801.699999999999,14.0,156.7,0.3,3.3,4645.0 (±156.7),14.0 (±156.7),0.3% (±3.3%),379784,3.7,41.2,3.7(±41.2)
Female,Belgium,2020,4659.0,4894.0,4532.0,4430.0,4525.0,4388.0,4644.999999999999,178.8,1.96,156.7,4488.299999999999,4801.699999999999,14.0,156.7,0.3,3.3,4645.0 (±156.7),14.0 (±156.7),0.3% (±3.3%),390613,3.6,40.1,3.6(±40.1)
Female,Belgium,2020,4659.0,4894.0,4532.0,4430.0,4525.0,4388.0,4644.999999999999,178.8,1.96,156.7,4488.299999999999,4801.699999999999,14.0,156.7,0.3,3.3,4645.0 (±156.7),14.0 (±156.7),0.3% (±3.3%),399077,3.5,39.3,3.5(±39.3)
Female,Belgium,2020,4659.0,4894.0,4532.0,4430.0,4525.0,4388.0,4644.999999999999,178.8,1.96,156.7,4488.299999999999,4801.699999999999,14.0,156.7,0.3,3.3,4645.0 (±156.7),14.0 (±156.7),0.3% (±3.3%),367037,3.8,42.7,3.8(±42.7)
Female,Bulgaria,2020,6255.0,5295.0,5236.0,5129.0,5090.0,4720.0,5185.200000000001,200.8,1.96,176.0,5009.200000000001,5361.200000000001,1069.8,176.0,20.6,3.9,5185.2 (±176.0),1069.8 (±176.0),20.6% (±3.9%),258606,413.7,68.0,413.7(±68.0)
Female,Bulgaria,2020,6255.0,5295.0,5236.0,5129.0,5090.0,4720.0,5185.200000000001,200.8,1.96,176.0,5009.200000000001,5361.200000000001,1069.8,176.0,20.6,3.9,5185.2 (±176.0),1069.8 (±176.0),20.6% (±3.9%),254785,419.9,69.1,419.9(±69.1)
Female,Bulgaria,2020,6255.0,5295.0,5236.0,5129.0,5090.0,4720.0,5185.200000000001,200.8,1.96,176.0,5009.200000000001,5361.200000000001,1069.8,176.0,20.6,3.9,5185.2 (±176.0),1069.8 (±176.0),20.6% (±3.9%),237633,450.2,74.1,450.2(±74.1)
Female,Bulgaria,2020,6255.0,5295.0,5236.0,5129.0,5090.0,4720.0,5185.200000000001,200.8,1.96,176.0,5009.200000000001,5361.200000000001,1069.8,176.0,20.6,3.9,5185.2 (±176.0),1069.8 (±176.0),20.6% (±3.9%),240710,444.4,73.2,444.4(±73.2)
Female,Bulgaria,2020,6255.0,5295.0,5236.0,5129.0,5090.0,4720.0,5185.200000000001,200.8,1.96,176.0,5009.200000000001,5361.200000000001,1069.8,176.0,20.6,3.9,5185.2 (±176.0),1069.8 (±176.0),20.6% (±3.9%),251894,424.7,69.9,424.7(±69.9)
Female,Croatia,2020,2060.0,2172.0,1963.0,2059.0,2003.0,1897.0,2059.6000000000004,93.0,1.96,81.5,1978.1000000000004,2141.1000000000004,0.4,81.5,0.0,3.8,2059.6 (±81.5),0.4 (±81.5),0.0% (±3.8%),136137,0.3,59.9,0.3(±59.9)
Female,Croatia,2020,2060.0,2172.0,1963.0,2059.0,2003.0,1897.0,2059.6000000000004,93.0,1.96,81.5,1978.1000000000004,2141.1000000000004,0.4,81.5,0.0,3.8,2059.6 (±81.5),0.4 (±81.5),0.0% (±3.8%),131699,0.3,61.9,0.3(±61.9)
Female,Croatia,2020,2060.0,2172.0,1963.0,2059.0,2003.0,1897.0,2059.6000000000004,93.0,1.96,81.5,1978.1000000000004,2141.1000000000004,0.4,81.5,0.0,3.8,2059.6 (±81.5),0.4 (±81.5),0.0% (±3.8%),141543,0.3,57.6,0.3(±57.6)
Female,Croatia,2020,2060.0,2172.0,1963.0,2059.0,2003.0,1897.0,2059.6000000000004,93.0,1.96,81.5,1978.1000000000004,2141.1000000000004,0.4,81.5,0.0,3.8,2059.6 (±81.5),0.4 (±81.5),0.0% (±3.8%),149408,0.3,54.5,0.3(±54.5)
Female,Croatia,2020,2060.0,2172.0,1963.0,2059.0,2003.0,1897.0,2059.6000000000004,93.0,1.96,81.5,1978.1000000000004,2141.1000000000004,0.4,81.5,0.0,3.8,2059.6 (±81.5),0.4 (±81.5),0.0% (±3.8%),154559,0.3,52.7,0.3(±52.7)
Female,Cyprus,2020,244.0,227.0,193.0,221.0,222.0,222.0,221.79999999999998,12.2,1.96,10.7,211.1,232.49999999999997,22.2,10.7,10.0,5.1,221.8 (±10.7),22.2 (±10.7),10.0% (±5.1%),30090,73.8,35.5,73.8(±35.5)
Female,Cyprus,2020,244.0,227.0,193.0,221.0,222.0,222.0,221.79999999999998,12.2,1.96,10.7,211.1,232.49999999999997,22.2,10.7,10.0,5.1,221.8 (±10.7),22.2 (±10.7),10.0% (±5.1%),27062,82.0,39.6,82.0(±39.6)
Female,Cyprus,2020,244.0,227.0,193.0,221.0,222.0,222.0,221.79999999999998,12.2,1.96,10.7,211.1,232.49999999999997,22.2,10.7,10.0,5.1,221.8 (±10.7),22.2 (±10.7),10.0% (±5.1%),26641,83.3,40.2,83.3(±40.2)
Female,Cyprus,2020,244.0,227.0,193.0,221.0,222.0,222.0,221.79999999999998,12.2,1.96,10.7,211.1,232.49999999999997,22.2,10.7,10.0,5.1,221.8 (±10.7),22.2 (±10.7),10.0% (±5.1%),27617,80.4,38.7,80.4(±38.7)
Female,Cyprus,2020,244.0,227.0,193.0,221.0,222.0,222.0,221.79999999999998,12.2,1.96,10.7,211.1,232.49999999999997,22.2,10.7,10.0,5.1,221.8 (±10.7),22.2 (±10.7),10.0% (±5.1%),25233,88.0,42.4,88.0(±42.4)
Female,Czechia,2020,4800.0,4887.0,4580.0,4467.0,4488.0,4386.0,4657.5999999999985,174.0,1.96,152.5,4505.0999999999985,4810.0999999999985,142.4,152.5,3.1,3.3,4657.6 (±152.5),142.4 (±152.5),3.1% (±3.3%),448510,31.7,34.1,31.7(±34.1)
Female,Czechia,2020,4800.0,4887.0,4580.0,4467.0,4488.0,4386.0,4657.5999999999985,174.0,1.96,152.5,4505.0999999999985,4810.0999999999985,142.4,152.5,3.1,3.3,4657.6 (±152.5),142.4 (±152.5),3.1% (±3.3%),408110,34.9,37.4,34.9(±37.4)
Female,Czechia,2020,4800.0,4887.0,4580.0,4467.0,4488.0,4386.0,4657.5999999999985,174.0,1.96,152.5,4505.0999999999985,4810.0999999999985,142.4,152.5,3.1,3.3,4657.6 (±152.5),142.4 (±152.5),3.1% (±3.3%),336357,42.3,45.4,42.3(±45.4)
Female,Czechia,2020,4800.0,4887.0,4580.0,4467.0,4488.0,4386.0,4657.5999999999985,174.0,1.96,152.5,4505.0999999999985,4810.0999999999985,142.4,152.5,3.1,3.3,4657.6 (±152.5),142.4 (±152.5),3.1% (±3.3%),325425,43.8,46.8,43.8(±46.8)
Female,Czechia,2020,4800.0,4887.0,4580.0,4467.0,4488.0,4386.0,4657.5999999999985,174.0,1.96,152.5,4505.0999999999985,4810.0999999999985,142.4,152.5,3.1,3.3,4657.6 (±152.5),142.4 (±152.5),3.1% (±3.3%),335147,42.5,45.5,42.5(±45.5)
Female,Denmark,2020,2173.0,2519.0,2444.0,2220.0,2250.0,2121.0,2364.4,147.7,1.96,129.5,2234.9,2493.9,-191.4,129.5,-8.1,4.8,2364.4 (±129.5),-191.4 (±129.5),-8.1% (±4.8%),181674,-105.4,71.3,-105.4(±71.3)
Female,Denmark,2020,2173.0,2519.0,2444.0,2220.0,2250.0,2121.0,2364.4,147.7,1.96,129.5,2234.9,2493.9,-191.4,129.5,-8.1,4.8,2364.4 (±129.5),-191.4 (±129.5),-8.1% (±4.8%),195744,-97.8,66.2,-97.8(±66.2)
Female,Denmark,2020,2173.0,2519.0,2444.0,2220.0,2250.0,2121.0,2364.4,147.7,1.96,129.5,2234.9,2493.9,-191.4,129.5,-8.1,4.8,2364.4 (±129.5),-191.4 (±129.5),-8.1% (±4.8%),204373,-93.7,63.4,-93.7(±63.4)
Female,Denmark,2020,2173.0,2519.0,2444.0,2220.0,2250.0,2121.0,2364.4,147.7,1.96,129.5,2234.9,2493.9,-191.4,129.5,-8.1,4.8,2364.4 (±129.5),-191.4 (±129.5),-8.1% (±4.8%),193719,-98.8,66.8,-98.8(±66.8)
Female,Denmark,2020,2173.0,2519.0,2444.0,2220.0,2250.0,2121.0,2364.4,147.7,1.96,129.5,2234.9,2493.9,-191.4,129.5,-8.1,4.8,2364.4 (±129.5),-191.4 (±129.5),-8.1% (±4.8%),173710,-110.2,74.6,-110.2(±74.6)
Female,Estonia,2020,702.0,679.0,620.0,626.0,582.0,583.0,626.8000000000002,35.5,1.96,31.1,595.7000000000002,657.9000000000002,75.2,31.1,12.0,5.3,626.8 (±31.1),75.2 (±31.1),12.0% (±5.3%),44080,170.6,70.6,170.6(±70.6)
Female,Estonia,2020,702.0,679.0,620.0,626.0,582.0,583.0,626.8000000000002,35.5,1.96,31.1,595.7000000000002,657.9000000000002,75.2,31.1,12.0,5.3,626.8 (±31.1),75.2 (±31.1),12.0% (±5.3%),45307,166.0,68.6,166.0(±68.6)
Female,Estonia,2020,702.0,679.0,620.0,626.0,582.0,583.0,626.8000000000002,35.5,1.96,31.1,595.7000000000002,657.9000000000002,75.2,31.1,12.0,5.3,626.8 (±31.1),75.2 (±31.1),12.0% (±5.3%),42693,176.1,72.9,176.1(±72.9)
Female,Estonia,2020,702.0,679.0,620.0,626.0,582.0,583.0,626.8000000000002,35.5,1.96,31.1,595.7000000000002,657.9000000000002,75.2,31.1,12.0,5.3,626.8 (±31.1),75.2 (±31.1),12.0% (±5.3%),46041,163.3,67.6,163.3(±67.6)
Female,Estonia,2020,702.0,679.0,620.0,626.0,582.0,583.0,626.8000000000002,35.5,1.96,31.1,595.7000000000002,657.9000000000002,75.2,31.1,12.0,5.3,626.8 (±31.1),75.2 (±31.1),12.0% (±5.3%),47345,158.8,65.7,158.8(±65.7)
Female,Finland,2020,1722.0,1938.0,1843.0,1879.0,1840.0,1714.0,1890.0000000000002,73.4,1.96,64.3,1825.7000000000003,1954.3000000000002,-168.0,64.3,-8.9,3.0,1890.0 (±64.3),-168.0 (±64.3),-8.9% (±3.0%),168547,-99.7,38.2,-99.7(±38.2)
Female,Finland,2020,1722.0,1938.0,1843.0,1879.0,1840.0,1714.0,1890.0000000000002,73.4,1.96,64.3,1825.7000000000003,1954.3000000000002,-168.0,64.3,-8.9,3.0,1890.0 (±64.3),-168.0 (±64.3),-8.9% (±3.0%),154391,-108.8,41.6,-108.8(±41.6)
Female,Finland,2020,1722.0,1938.0,1843.0,1879.0,1840.0,1714.0,1890.0000000000002,73.4,1.96,64.3,1825.7000000000003,1954.3000000000002,-168.0,64.3,-8.9,3.0,1890.0 (±64.3),-168.0 (±64.3),-8.9% (±3.0%),176612,-95.1,36.4,-95.1(±36.4)
Female,Finland,2020,1722.0,1938.0,1843.0,1879.0,1840.0,1714.0,1890.0000000000002,73.4,1.96,64.3,1825.7000000000003,1954.3000000000002,-168.0,64.3,-8.9,3.0,1890.0 (±64.3),-168.0 (±64.3),-8.9% (±3.0%),185152,-90.7,34.7,-90.7(±34.7)
Female,Finland,2020,1722.0,1938.0,1843.0,1879.0,1840.0,1714.0,1890.0000000000002,73.4,1.96,64.3,1825.7000000000003,1954.3000000000002,-168.0,64.3,-8.9,3.0,1890.0 (±64.3),-168.0 (±64.3),-8.9% (±3.0%),183336,-91.6,35.0,-91.6(±35.0)
Female,France,2020,23957.0,23920.0,23519.0,23589.0,23401.0,22747.0,23899.2,384.8,1.96,337.3,23561.9,24236.5,57.8,337.3,0.2,1.4,23899.2 (±337.3),57.8 (±337.3),0.2% (±1.4%),2074292,2.8,16.2,2.8(±16.2)
Female,France,2020,23957.0,23920.0,23519.0,23589.0,23401.0,22747.0,23899.2,384.8,1.96,337.3,23561.9,24236.5,57.8,337.3,0.2,1.4,23899.2 (±337.3),57.8 (±337.3),0.2% (±1.4%),2286345,2.5,14.8,2.5(±14.8)
Female,France,2020,23957.0,23920.0,23519.0,23589.0,23401.0,22747.0,23899.2,384.8,1.96,337.3,23561.9,24236.5,57.8,337.3,0.2,1.4,23899.2 (±337.3),57.8 (±337.3),0.2% (±1.4%),2256289,2.6,14.9,2.6(±14.9)
Female,France,2020,23957.0,23920.0,23519.0,23589.0,23401.0,22747.0,23899.2,384.8,1.96,337.3,23561.9,24236.5,57.8,337.3,0.2,1.4,23899.2 (±337.3),57.8 (±337.3),0.2% (±1.4%),2246788,2.6,15.0,2.6(±15.0)
Female,France,2020,23957.0,23920.0,23519.0,23589.0,23401.0,22747.0,23899.2,384.8,1.96,337.3,23561.9,24236.5,57.8,337.3,0.2,1.4,23899.2 (±337.3),57.8 (±337.3),0.2% (±1.4%),2148515,2.7,15.7,2.7(±15.7)
Female,Greece,2020,4036.0,3627.0,3794.0,3797.0,3726.0,3679.0,3795.0000000000014,65.8,1.96,57.7,3737.3000000000015,3852.700000000001,241.0,57.7,6.4,1.6,3795.0 (±57.7),241.0 (±57.7),6.4% (±1.6%),402081,59.9,14.4,59.9(±14.4)
Female,Greece,2020,4036.0,3627.0,3794.0,3797.0,3726.0,3679.0,3795.0000000000014,65.8,1.96,57.7,3737.3000000000015,3852.700000000001,241.0,57.7,6.4,1.6,3795.0 (±57.7),241.0 (±57.7),6.4% (±1.6%),408394,59.0,14.1,59.0(±14.1)
Female,Greece,2020,4036.0,3627.0,3794.0,3797.0,3726.0,3679.0,3795.0000000000014,65.8,1.96,57.7,3737.3000000000015,3852.700000000001,241.0,57.7,6.4,1.6,3795.0 (±57.7),241.0 (±57.7),6.4% (±1.6%),413336,58.3,14.0,58.3(±14.0)
Female,Greece,2020,4036.0,3627.0,3794.0,3797.0,3726.0,3679.0,3795.0000000000014,65.8,1.96,57.7,3737.3000000000015,3852.700000000001,241.0,57.7,6.4,1.6,3795.0 (±57.7),241.0 (±57.7),6.4% (±1.6%),379760,63.5,15.2,63.5(±15.2)
Female,Greece,2020,4036.0,3627.0,3794.0,3797.0,3726.0,3679.0,3795.0000000000014,65.8,1.96,57.7,3737.3000000000015,3852.700000000001,241.0,57.7,6.4,1.6,3795.0 (±57.7),241.0 (±57.7),6.4% (±1.6%),362278,66.5,16.0,66.5(±16.0)
Female,Hungary,2020,7253.0,8123.0,7413.0,7240.0,7212.0,6650.0,7486.000000000001,473.3,1.96,414.9,7071.100000000001,7900.900000000001,-233.0,414.9,-3.1,5.1,7486.0 (±414.9),-233.0 (±414.9),-3.1% (±5.1%),412894,-56.4,100.5,-56.4(±100.5)
Female,Hungary,2020,7253.0,8123.0,7413.0,7240.0,7212.0,6650.0,7486.000000000001,473.3,1.96,414.9,7071.100000000001,7900.900000000001,-233.0,414.9,-3.1,5.1,7486.0 (±414.9),-233.0 (±414.9),-3.1% (±5.1%),371544,-62.7,111.7,-62.7(±111.7)
Female,Hungary,2020,7253.0,8123.0,7413.0,7240.0,7212.0,6650.0,7486.000000000001,473.3,1.96,414.9,7071.100000000001,7900.900000000001,-233.0,414.9,-3.1,5.1,7486.0 (±414.9),-233.0 (±414.9),-3.1% (±5.1%),334214,-69.7,124.1,-69.7(±124.1)
Female,Hungary,2020,7253.0,8123.0,7413.0,7240.0,7212.0,6650.0,7486.000000000001,473.3,1.96,414.9,7071.100000000001,7900.900000000001,-233.0,414.9,-3.1,5.1,7486.0 (±414.9),-233.0 (±414.9),-3.1% (±5.1%),298549,-78.0,138.9,-78.0(±138.9)
Female,Hungary,2020,7253.0,8123.0,7413.0,7240.0,7212.0,6650.0,7486.000000000001,473.3,1.96,414.9,7071.100000000001,7900.900000000001,-233.0,414.9,-3.1,5.1,7486.0 (±414.9),-233.0 (±414.9),-3.1% (±5.1%),355746,-65.5,116.6,-65.5(±116.6)
Female,Iceland,2020,111.0,110.0,107.0,85.0,101.0,107.0,104.39999999999999,9.0,1.96,7.9,96.49999999999999,112.3,6.6,7.9,6.3,7.5,104.4 (±7.9),6.6 (±7.9),6.3% (±7.5%),11454,57.6,69.0,57.6(±69.0)
Female,Iceland,2020,111.0,110.0,107.0,85.0,101.0,107.0,104.39999999999999,9.0,1.96,7.9,96.49999999999999,112.3,6.6,7.9,6.3,7.5,104.4 (±7.9),6.6 (±7.9),6.3% (±7.5%),10958,60.2,72.1,60.2(±72.1)
Female,Iceland,2020,111.0,110.0,107.0,85.0,101.0,107.0,104.39999999999999,9.0,1.96,7.9,96.49999999999999,112.3,6.6,7.9,6.3,7.5,104.4 (±7.9),6.6 (±7.9),6.3% (±7.5%),10795,61.1,73.2,61.1(±73.2)
Female,Iceland,2020,111.0,110.0,107.0,85.0,101.0,107.0,104.39999999999999,9.0,1.96,7.9,96.49999999999999,112.3,6.6,7.9,6.3,7.5,104.4 (±7.9),6.6 (±7.9),6.3% (±7.5%),10980,60.1,72.0,60.1(±72.0)
Female,Iceland,2020,111.0,110.0,107.0,85.0,101.0,107.0,104.39999999999999,9.0,1.96,7.9,96.49999999999999,112.3,6.6,7.9,6.3,7.5,104.4 (±7.9),6.6 (±7.9),6.3% (±7.5%),10145,65.1,77.8,65.1(±77.8)
Female,Italy,2020,21010.0,20143.0,19100.0,19191.0,19001.0,18772.0,19640.599999999995,471.9,1.96,413.6,19226.999999999996,20054.199999999993,1369.4,413.6,7.0,2.2,19640.6 (±413.6),1369.4 (±413.6),7.0% (±2.2%),2098266,65.3,19.7,65.3(±19.7)
Female,Italy,2020,21010.0,20143.0,19100.0,19191.0,19001.0,18772.0,19640.599999999995,471.9,1.96,413.6,19226.999999999996,20054.199999999993,1369.4,413.6,7.0,2.2,19640.6 (±413.6),1369.4 (±413.6),7.0% (±2.2%),2392965,57.2,17.3,57.2(±17.3)
Female,Italy,2020,21010.0,20143.0,19100.0,19191.0,19001.0,18772.0,19640.599999999995,471.9,1.96,413.6,19226.999999999996,20054.199999999993,1369.4,413.6,7.0,2.2,19640.6 (±413.6),1369.4 (±413.6),7.0% (±2.2%),2472560,55.4,16.7,55.4(±16.7)
Female,Italy,2020,21010.0,20143.0,19100.0,19191.0,19001.0,18772.0,19640.599999999995,471.9,1.96,413.6,19226.999999999996,20054.199999999993,1369.4,413.6,7.0,2.2,19640.6 (±413.6),1369.4 (±413.6),7.0% (±2.2%),2324483,58.9,17.8,58.9(±17.8)
Female,Italy,2020,21010.0,20143.0,19100.0,19191.0,19001.0,18772.0,19640.599999999995,471.9,1.96,413.6,19226.999999999996,20054.199999999993,1369.4,413.6,7.0,2.2,19640.6 (±413.6),1369.4 (±413.6),7.0% (±2.2%),2018428,67.8,20.5,67.8(±20.5)
Female,Latvia,2020,1399.0,1504.0,1377.0,1392.0,1406.0,1333.0,1436.8,56.4,1.96,49.4,1387.3999999999999,1486.2,-37.8,49.4,-2.6,3.3,1436.8 (±49.4),-37.8 (±49.4),-2.6% (±3.3%),62662,-60.3,78.8,-60.3(±78.8)
Female,Latvia,2020,1399.0,1504.0,1377.0,1392.0,1406.0,1333.0,1436.8,56.4,1.96,49.4,1387.3999999999999,1486.2,-37.8,49.4,-2.6,3.3,1436.8 (±49.4),-37.8 (±49.4),-2.6% (±3.3%),67749,-55.8,72.9,-55.8(±72.9)
Female,Latvia,2020,1399.0,1504.0,1377.0,1392.0,1406.0,1333.0,1436.8,56.4,1.96,49.4,1387.3999999999999,1486.2,-37.8,49.4,-2.6,3.3,1436.8 (±49.4),-37.8 (±49.4),-2.6% (±3.3%),67059,-56.4,73.7,-56.4(±73.7)
Female,Latvia,2020,1399.0,1504.0,1377.0,1392.0,1406.0,1333.0,1436.8,56.4,1.96,49.4,1387.3999999999999,1486.2,-37.8,49.4,-2.6,3.3,1436.8 (±49.4),-37.8 (±49.4),-2.6% (±3.3%),75104,-50.3,65.7,-50.3(±65.7)
Female,Latvia,2020,1399.0,1504.0,1377.0,1392.0,1406.0,1333.0,1436.8,56.4,1.96,49.4,1387.3999999999999,1486.2,-37.8,49.4,-2.6,3.3,1436.8 (±49.4),-37.8 (±49.4),-2.6% (±3.3%),74399,-50.8,66.4,-50.8(±66.4)
Female,Liechtenstein,2020,12.0,15.0,10.0,14.0,7.0,12.0,12.399999999999997,2.9,1.96,2.5,9.899999999999997,14.899999999999997,-0.4,2.5,-3.2,16.3,12.4 (±2.5),-0.4 (±2.5),-3.2% (±16.3%),1288,-31.1,194.1,-31.1(±194.1)
Female,Liechtenstein,2020,12.0,15.0,10.0,14.0,7.0,12.0,12.399999999999997,2.9,1.96,2.5,9.899999999999997,14.899999999999997,-0.4,2.5,-3.2,16.3,12.4 (±2.5),-0.4 (±2.5),-3.2% (±16.3%),1468,-27.2,170.3,-27.2(±170.3)
Female,Liechtenstein,2020,12.0,15.0,10.0,14.0,7.0,12.0,12.399999999999997,2.9,1.96,2.5,9.899999999999997,14.899999999999997,-0.4,2.5,-3.2,16.3,12.4 (±2.5),-0.4 (±2.5),-3.2% (±16.3%),1646,-24.3,151.9,-24.3(±151.9)
Female,Liechtenstein,2020,12.0,15.0,10.0,14.0,7.0,12.0,12.399999999999997,2.9,1.96,2.5,9.899999999999997,14.899999999999997,-0.4,2.5,-3.2,16.3,12.4 (±2.5),-0.4 (±2.5),-3.2% (±16.3%),1608,-24.9,155.5,-24.9(±155.5)
Female,Liechtenstein,2020,12.0,15.0,10.0,14.0,7.0,12.0,12.399999999999997,2.9,1.96,2.5,9.899999999999997,14.899999999999997,-0.4,2.5,-3.2,16.3,12.4 (±2.5),-0.4 (±2.5),-3.2% (±16.3%),1339,-29.9,186.7,-29.9(±186.7)
Female,Lithuania,2020,2128.0,2099.0,1955.0,1842.0,1841.0,1782.0,1940.6,112.5,1.96,98.6,1842.0,2039.1999999999998,187.4,98.6,9.7,5.3,1940.6 (±98.6),187.4 (±98.6),9.7% (±5.3%),86272,217.2,114.3,217.2(±114.3)
Female,Lithuania,2020,2128.0,2099.0,1955.0,1842.0,1841.0,1782.0,1940.6,112.5,1.96,98.6,1842.0,2039.1999999999998,187.4,98.6,9.7,5.3,1940.6 (±98.6),187.4 (±98.6),9.7% (±5.3%),99577,188.2,99.0,188.2(±99.0)
Female,Lithuania,2020,2128.0,2099.0,1955.0,1842.0,1841.0,1782.0,1940.6,112.5,1.96,98.6,1842.0,2039.1999999999998,187.4,98.6,9.7,5.3,1940.6 (±98.6),187.4 (±98.6),9.7% (±5.3%),105295,178.0,93.6,178.0(±93.6)
Female,Lithuania,2020,2128.0,2099.0,1955.0,1842.0,1841.0,1782.0,1940.6,112.5,1.96,98.6,1842.0,2039.1999999999998,187.4,98.6,9.7,5.3,1940.6 (±98.6),187.4 (±98.6),9.7% (±5.3%),117275,159.8,84.1,159.8(±84.1)
Female,Lithuania,2020,2128.0,2099.0,1955.0,1842.0,1841.0,1782.0,1940.6,112.5,1.96,98.6,1842.0,2039.1999999999998,187.4,98.6,9.7,5.3,1940.6 (±98.6),187.4 (±98.6),9.7% (±5.3%),111058,168.7,88.8,168.7(±88.8)
Female,Luxembourg,2020,171.0,166.0,171.0,195.0,181.0,184.0,183.40000000000003,10.2,1.96,8.9,174.50000000000003,192.30000000000004,-12.4,8.9,-6.8,4.3,183.4 (±8.9),-12.4 (±8.9),-6.8% (±4.3%),23277,-53.3,38.3,-53.3(±38.3)
Female,Luxembourg,2020,171.0,166.0,171.0,195.0,181.0,184.0,183.40000000000003,10.2,1.96,8.9,174.50000000000003,192.30000000000004,-12.4,8.9,-6.8,4.3,183.4 (±8.9),-12.4 (±8.9),-6.8% (±4.3%),22509,-55.1,39.6,-55.1(±39.6)
Female,Luxembourg,2020,171.0,166.0,171.0,195.0,181.0,184.0,183.40000000000003,10.2,1.96,8.9,174.50000000000003,192.30000000000004,-12.4,8.9,-6.8,4.3,183.4 (±8.9),-12.4 (±8.9),-6.8% (±4.3%),22505,-55.1,39.5,-55.1(±39.5)
Female,Luxembourg,2020,171.0,166.0,171.0,195.0,181.0,184.0,183.40000000000003,10.2,1.96,8.9,174.50000000000003,192.30000000000004,-12.4,8.9,-6.8,4.3,183.4 (±8.9),-12.4 (±8.9),-6.8% (±4.3%),20512,-60.5,43.4,-60.5(±43.4)
Female,Luxembourg,2020,171.0,166.0,171.0,195.0,181.0,184.0,183.40000000000003,10.2,1.96,8.9,174.50000000000003,192.30000000000004,-12.4,8.9,-6.8,4.3,183.4 (±8.9),-12.4 (±8.9),-6.8% (±4.3%),16990,-73.0,52.4,-73.0(±52.4)
Female,Malta,2020,150.0,133.0,134.0,161.0,153.0,128.0,145.00000000000003,12.8,1.96,11.2,133.80000000000004,156.20000000000002,5.0,11.2,3.4,7.4,145.0 (±11.2),5.0 (±11.2),3.4% (±7.4%),17462,28.6,64.2,28.6(±64.2)
Female,Malta,2020,150.0,133.0,134.0,161.0,153.0,128.0,145.00000000000003,12.8,1.96,11.2,133.80000000000004,156.20000000000002,5.0,11.2,3.4,7.4,145.0 (±11.2),5.0 (±11.2),3.4% (±7.4%),15090,33.1,74.3,33.1(±74.3)
Female,Malta,2020,150.0,133.0,134.0,161.0,153.0,128.0,145.00000000000003,12.8,1.96,11.2,133.80000000000004,156.20000000000002,5.0,11.2,3.4,7.4,145.0 (±11.2),5.0 (±11.2),3.4% (±7.4%),13518,37.0,82.8,37.0(±82.8)
Female,Malta,2020,150.0,133.0,134.0,161.0,153.0,128.0,145.00000000000003,12.8,1.96,11.2,133.80000000000004,156.20000000000002,5.0,11.2,3.4,7.4,145.0 (±11.2),5.0 (±11.2),3.4% (±7.4%),15015,33.3,74.6,33.3(±74.6)
Female,Malta,2020,150.0,133.0,134.0,161.0,153.0,128.0,145.00000000000003,12.8,1.96,11.2,133.80000000000004,156.20000000000002,5.0,11.2,3.4,7.4,145.0 (±11.2),5.0 (±11.2),3.4% (±7.4%),15499,32.3,72.2,32.3(±72.2)
Female,Netherlands,2020,6605.0,7087.0,6838.0,6612.0,6631.0,6315.0,6834.199999999999,256.7,1.96,225.0,6609.199999999999,7059.199999999999,-229.2,225.0,-3.4,3.0,6834.2 (±225.0),-229.2 (±225.0),-3.4% (±3.0%),512586,-44.7,43.9,-44.7(±43.9)
Female,Netherlands,2020,6605.0,7087.0,6838.0,6612.0,6631.0,6315.0,6834.199999999999,256.7,1.96,225.0,6609.199999999999,7059.199999999999,-229.2,225.0,-3.4,3.0,6834.2 (±225.0),-229.2 (±225.0),-3.4% (±3.0%),595627,-38.5,37.8,-38.5(±37.8)
Female,Netherlands,2020,6605.0,7087.0,6838.0,6612.0,6631.0,6315.0,6834.199999999999,256.7,1.96,225.0,6609.199999999999,7059.199999999999,-229.2,225.0,-3.4,3.0,6834.2 (±225.0),-229.2 (±225.0),-3.4% (±3.0%),637772,-35.9,35.2,-35.9(±35.2)
Female,Netherlands,2020,6605.0,7087.0,6838.0,6612.0,6631.0,6315.0,6834.199999999999,256.7,1.96,225.0,6609.199999999999,7059.199999999999,-229.2,225.0,-3.4,3.0,6834.2 (±225.0),-229.2 (±225.0),-3.4% (±3.0%),623909,-36.7,36.0,-36.7(±36.0)
Female,Netherlands,2020,6605.0,7087.0,6838.0,6612.0,6631.0,6315.0,6834.199999999999,256.7,1.96,225.0,6609.199999999999,7059.199999999999,-229.2,225.0,-3.4,3.0,6834.2 (±225.0),-229.2 (±225.0),-3.4% (±3.0%),561390,-40.8,40.1,-40.8(±40.1)
Female,Norway,2020,1457.0,1608.0,1552.0,1494.0,1514.0,1458.0,1550.8000000000002,51.4,1.96,45.1,1505.7000000000003,1595.9,-93.8,45.1,-6.0,2.7,1550.8 (±45.1),-93.8 (±45.1),-6.0% (±2.7%),168825,-55.6,26.8,-55.6(±26.8)
Female,Norway,2020,1457.0,1608.0,1552.0,1494.0,1514.0,1458.0,1550.8000000000002,51.4,1.96,45.1,1505.7000000000003,1595.9,-93.8,45.1,-6.0,2.7,1550.8 (±45.1),-93.8 (±45.1),-6.0% (±2.7%),183317,-51.2,24.6,-51.2(±24.6)
Female,Norway,2020,1457.0,1608.0,1552.0,1494.0,1514.0,1458.0,1550.8000000000002,51.4,1.96,45.1,1505.7000000000003,1595.9,-93.8,45.1,-6.0,2.7,1550.8 (±45.1),-93.8 (±45.1),-6.0% (±2.7%),181154,-51.8,24.9,-51.8(±24.9)
Female,Norway,2020,1457.0,1608.0,1552.0,1494.0,1514.0,1458.0,1550.8000000000002,51.4,1.96,45.1,1505.7000000000003,1595.9,-93.8,45.1,-6.0,2.7,1550.8 (±45.1),-93.8 (±45.1),-6.0% (±2.7%),162467,-57.7,27.7,-57.7(±27.7)
Female,Norway,2020,1457.0,1608.0,1552.0,1494.0,1514.0,1458.0,1550.8000000000002,51.4,1.96,45.1,1505.7000000000003,1595.9,-93.8,45.1,-6.0,2.7,1550.8 (±45.1),-93.8 (±45.1),-6.0% (±2.7%),152407,-61.5,29.5,-61.5(±29.5)
Female,Poland,2020,22178.0,23099.0,21517.0,20973.0,21181.0,20375.0,21868.200000000004,914.0,1.96,801.2,21067.000000000004,22669.400000000005,309.8,801.2,1.4,3.6,21868.2 (±801.2),309.8 (±801.2),1.4% (±3.6%),1464473,21.2,54.7,21.2(±54.7)
Female,Poland,2020,22178.0,23099.0,21517.0,20973.0,21181.0,20375.0,21868.200000000004,914.0,1.96,801.2,21067.000000000004,22669.400000000005,309.8,801.2,1.4,3.6,21868.2 (±801.2),309.8 (±801.2),1.4% (±3.6%),1271175,24.4,63.0,24.4(±63.0)
Female,Poland,2020,22178.0,23099.0,21517.0,20973.0,21181.0,20375.0,21868.200000000004,914.0,1.96,801.2,21067.000000000004,22669.400000000005,309.8,801.2,1.4,3.6,21868.2 (±801.2),309.8 (±801.2),1.4% (±3.6%),1124707,27.5,71.3,27.5(±71.3)
Female,Poland,2020,22178.0,23099.0,21517.0,20973.0,21181.0,20375.0,21868.200000000004,914.0,1.96,801.2,21067.000000000004,22669.400000000005,309.8,801.2,1.4,3.6,21868.2 (±801.2),309.8 (±801.2),1.4% (±3.6%),1220050,25.4,65.7,25.4(±65.7)
Female,Poland,2020,22178.0,23099.0,21517.0,20973.0,21181.0,20375.0,21868.200000000004,914.0,1.96,801.2,21067.000000000004,22669.400000000005,309.8,801.2,1.4,3.6,21868.2 (±801.2),309.8 (±801.2),1.4% (±3.6%),1448831,21.4,55.3,21.4(±55.3)
Female,Portugal,2020,3907.0,3623.0,3695.0,3744.0,3643.0,3626.0,3755.0,46.7,1.96,40.9,3714.1,3795.9,152.0,40.9,4.0,1.1,3755.0 (±40.9),152.0 (±40.9),4.0% (±1.1%),410162,37.1,9.9,37.1(±9.9)
Female,Portugal,2020,3907.0,3623.0,3695.0,3744.0,3643.0,3626.0,3755.0,46.7,1.96,40.9,3714.1,3795.9,152.0,40.9,4.0,1.1,3755.0 (±40.9),152.0 (±40.9),4.0% (±1.1%),415572,36.6,9.8,36.6(±9.8)
Female,Portugal,2020,3907.0,3623.0,3695.0,3744.0,3643.0,3626.0,3755.0,46.7,1.96,40.9,3714.1,3795.9,152.0,40.9,4.0,1.1,3755.0 (±40.9),152.0 (±40.9),4.0% (±1.1%),393361,38.6,10.4,38.6(±10.4)
Female,Portugal,2020,3907.0,3623.0,3695.0,3744.0,3643.0,3626.0,3755.0,46.7,1.96,40.9,3714.1,3795.9,152.0,40.9,4.0,1.1,3755.0 (±40.9),152.0 (±40.9),4.0% (±1.1%),393496,38.6,10.4,38.6(±10.4)
Female,Portugal,2020,3907.0,3623.0,3695.0,3744.0,3643.0,3626.0,3755.0,46.7,1.96,40.9,3714.1,3795.9,152.0,40.9,4.0,1.1,3755.0 (±40.9),152.0 (±40.9),4.0% (±1.1%),362514,41.9,11.3,41.9(±11.3)
Female,Romania,2020,14662.0,13738.0,13374.0,13023.0,13000.0,12374.0,13395.4,452.8,1.96,396.9,12998.5,13792.3,1266.6,396.9,9.5,3.2,13395.4 (±396.9),1266.6 (±396.9),9.5% (±3.2%),750086,168.9,52.9,168.9(±52.9)
Female,Romania,2020,14662.0,13738.0,13374.0,13023.0,13000.0,12374.0,13395.4,452.8,1.96,396.9,12998.5,13792.3,1266.6,396.9,9.5,3.2,13395.4 (±396.9),1266.6 (±396.9),9.5% (±3.2%),720299,175.8,55.1,175.8(±55.1)
Female,Romania,2020,14662.0,13738.0,13374.0,13023.0,13000.0,12374.0,13395.4,452.8,1.96,396.9,12998.5,13792.3,1266.6,396.9,9.5,3.2,13395.4 (±396.9),1266.6 (±396.9),9.5% (±3.2%),724147,174.9,54.8,174.9(±54.8)
Female,Romania,2020,14662.0,13738.0,13374.0,13023.0,13000.0,12374.0,13395.4,452.8,1.96,396.9,12998.5,13792.3,1266.6,396.9,9.5,3.2,13395.4 (±396.9),1266.6 (±396.9),9.5% (±3.2%),536900,235.9,73.9,235.9(±73.9)
Female,Romania,2020,14662.0,13738.0,13374.0,13023.0,13000.0,12374.0,13395.4,452.8,1.96,396.9,12998.5,13792.3,1266.6,396.9,9.5,3.2,13395.4 (±396.9),1266.6 (±396.9),9.5% (±3.2%),692003,183.0,57.4,183.0(±57.4)
Female,Slovakia,2020,3038.0,3168.0,2922.0,2938.0,2920.0,2692.0,2972.0,150.7,1.96,132.1,2839.9,3104.1,66.0,132.1,2.2,4.3,2972.0 (±132.1),66.0 (±132.1),2.2% (±4.3%),221220,29.8,59.7,29.8(±59.7)
Female,Slovakia,2020,3038.0,3168.0,2922.0,2938.0,2920.0,2692.0,2972.0,150.7,1.96,132.1,2839.9,3104.1,66.0,132.1,2.2,4.3,2972.0 (±132.1),66.0 (±132.1),2.2% (±4.3%),196092,33.7,67.3,33.7(±67.3)
Female,Slovakia,2020,3038.0,3168.0,2922.0,2938.0,2920.0,2692.0,2972.0,150.7,1.96,132.1,2839.9,3104.1,66.0,132.1,2.2,4.3,2972.0 (±132.1),66.0 (±132.1),2.2% (±4.3%),173960,37.9,76.0,37.9(±76.0)
Female,Slovakia,2020,3038.0,3168.0,2922.0,2938.0,2920.0,2692.0,2972.0,150.7,1.96,132.1,2839.9,3104.1,66.0,132.1,2.2,4.3,2972.0 (±132.1),66.0 (±132.1),2.2% (±4.3%),182730,36.1,72.3,36.1(±72.3)
Female,Slovakia,2020,3038.0,3168.0,2922.0,2938.0,2920.0,2692.0,2972.0,150.7,1.96,132.1,2839.9,3104.1,66.0,132.1,2.2,4.3,2972.0 (±132.1),66.0 (±132.1),2.2% (±4.3%),189839,34.8,69.6,34.8(±69.6)
Female,Slovenia,2020,781.0,822.0,782.0,847.0,792.0,730.0,801.8000000000003,39.6,1.96,34.7,767.1000000000003,836.5000000000003,-20.8,34.7,-2.6,4.0,801.8 (±34.7),-20.8 (±34.7),-2.6% (±4.0%),75045,-27.7,46.2,-27.7(±46.2)
Female,Slovenia,2020,781.0,822.0,782.0,847.0,792.0,730.0,801.8000000000003,39.6,1.96,34.7,767.1000000000003,836.5000000000003,-20.8,34.7,-2.6,4.0,801.8 (±34.7),-20.8 (±34.7),-2.6% (±4.0%),70916,-29.3,48.9,-29.3(±48.9)
Female,Slovenia,2020,781.0,822.0,782.0,847.0,792.0,730.0,801.8000000000003,39.6,1.96,34.7,767.1000000000003,836.5000000000003,-20.8,34.7,-2.6,4.0,801.8 (±34.7),-20.8 (±34.7),-2.6% (±4.0%),74665,-27.9,46.5,-27.9(±46.5)
Female,Slovenia,2020,781.0,822.0,782.0,847.0,792.0,730.0,801.8000000000003,39.6,1.96,34.7,767.1000000000003,836.5000000000003,-20.8,34.7,-2.6,4.0,801.8 (±34.7),-20.8 (±34.7),-2.6% (±4.0%),74673,-27.9,46.5,-27.9(±46.5)
Female,Slovenia,2020,781.0,822.0,782.0,847.0,792.0,730.0,801.8000000000003,39.6,1.96,34.7,767.1000000000003,836.5000000000003,-20.8,34.7,-2.6,4.0,801.8 (±34.7),-20.8 (±34.7),-2.6% (±4.0%),72580,-28.7,47.9,-28.7(±47.9)
Female,Spain,2020,16349.0,13933.0,13524.0,13950.0,13874.0,14055.0,14146.399999999998,181.3,1.96,158.9,13987.499999999998,14305.299999999997,2202.6,158.9,15.6,1.3,14146.4 (±158.9),2202.6 (±158.9),15.6% (±1.3%),1962293,112.2,8.1,112.2(±8.1)
Female,Spain,2020,16349.0,13933.0,13524.0,13950.0,13874.0,14055.0,14146.399999999998,181.3,1.96,158.9,13987.499999999998,14305.299999999997,2202.6,158.9,15.6,1.3,14146.4 (±158.9),2202.6 (±158.9),15.6% (±1.3%),1922352,114.6,8.2,114.6(±8.2)
Female,Spain,2020,16349.0,13933.0,13524.0,13950.0,13874.0,14055.0,14146.399999999998,181.3,1.96,158.9,13987.499999999998,14305.299999999997,2202.6,158.9,15.6,1.3,14146.4 (±158.9),2202.6 (±158.9),15.6% (±1.3%),1837771,119.9,8.6,119.9(±8.6)
Female,Spain,2020,16349.0,13933.0,13524.0,13950.0,13874.0,14055.0,14146.399999999998,181.3,1.96,158.9,13987.499999999998,14305.299999999997,2202.6,158.9,15.6,1.3,14146.4 (±158.9),2202.6 (±158.9),15.6% (±1.3%),1710033,128.8,9.3,128.8(±9.3)
Female,Spain,2020,16349.0,13933.0,13524.0,13950.0,13874.0,14055.0,14146.399999999998,181.3,1.96,158.9,13987.499999999998,14305.299999999997,2202.6,158.9,15.6,1.3,14146.4 (±158.9),2202.6 (±158.9),15.6% (±1.3%),1502138,146.6,10.6,146.6(±10.6)
Female,Sweden,2020,2574.0,2897.0,2695.0,2701.0,2600.0,2584.0,2741.8,111.5,1.96,97.7,2644.1000000000004,2839.5,-167.8,97.7,-6.1,3.3,2741.8 (±97.7),-167.8 (±97.7),-6.1% (±3.3%),309321,-54.2,31.5,-54.2(±31.5)
Female,Sweden,2020,2574.0,2897.0,2695.0,2701.0,2600.0,2584.0,2741.8,111.5,1.96,97.7,2644.1000000000004,2839.5,-167.8,97.7,-6.1,3.3,2741.8 (±97.7),-167.8 (±97.7),-6.1% (±3.3%),328884,-51.0,29.7,-51.0(±29.7)
Female,Sweden,2020,2574.0,2897.0,2695.0,2701.0,2600.0,2584.0,2741.8,111.5,1.96,97.7,2644.1000000000004,2839.5,-167.8,97.7,-6.1,3.3,2741.8 (±97.7),-167.8 (±97.7),-6.1% (±3.3%),333591,-50.3,29.3,-50.3(±29.3)
Female,Sweden,2020,2574.0,2897.0,2695.0,2701.0,2600.0,2584.0,2741.8,111.5,1.96,97.7,2644.1000000000004,2839.5,-167.8,97.7,-6.1,3.3,2741.8 (±97.7),-167.8 (±97.7),-6.1% (±3.3%),306757,-54.7,31.8,-54.7(±31.8)
Female,Sweden,2020,2574.0,2897.0,2695.0,2701.0,2600.0,2584.0,2741.8,111.5,1.96,97.7,2644.1000000000004,2839.5,-167.8,97.7,-6.1,3.3,2741.8 (±97.7),-167.8 (±97.7),-6.1% (±3.3%),283542,-59.2,34.5,-59.2(±34.5)
Female,Switzerland,2020,2260.0,2347.0,2271.0,2185.0,2331.0,2188.0,2303.6000000000004,68.5,1.96,60.0,2243.6000000000004,2363.6000000000004,-43.6,60.0,-1.9,2.5,2303.6 (±60.0),-43.6 (±60.0),-1.9% (±2.5%),292439,-14.9,20.5,-14.9(±20.5)
Female,Switzerland,2020,2260.0,2347.0,2271.0,2185.0,2331.0,2188.0,2303.6000000000004,68.5,1.96,60.0,2243.6000000000004,2363.6000000000004,-43.6,60.0,-1.9,2.5,2303.6 (±60.0),-43.6 (±60.0),-1.9% (±2.5%),303337,-14.4,19.8,-14.4(±19.8)
Female,Switzerland,2020,2260.0,2347.0,2271.0,2185.0,2331.0,2188.0,2303.6000000000004,68.5,1.96,60.0,2243.6000000000004,2363.6000000000004,-43.6,60.0,-1.9,2.5,2303.6 (±60.0),-43.6 (±60.0),-1.9% (±2.5%),328933,-13.3,18.3,-13.3(±18.3)
Female,Switzerland,2020,2260.0,2347.0,2271.0,2185.0,2331.0,2188.0,2303.6000000000004,68.5,1.96,60.0,2243.6000000000004,2363.6000000000004,-43.6,60.0,-1.9,2.5,2303.6 (±60.0),-43.6 (±60.0),-1.9% (±2.5%),312344,-14.0,19.3,-14.0(±19.3)
Female,Switzerland,2020,2260.0,2347.0,2271.0,2185.0,2331.0,2188.0,2303.6000000000004,68.5,1.96,60.0,2243.6000000000004,2363.6000000000004,-43.6,60.0,-1.9,2.5,2303.6 (±60.0),-43.6 (±60.0),-1.9% (±2.5%),259034,-16.8,23.1,-16.8(±23.1)
Male,Austria,2020,6051.0,5697.0,5503.0,5366.0,5551.0,5349.0,5597.200000000001,128.0,1.96,112.2,5485.000000000001,5709.400000000001,453.8,112.2,8.1,2.1,5597.2 (±112.2),453.8 (±112.2),8.1% (±2.1%),283167,160.3,39.6,160.3(±39.6)
Male,Austria,2020,6051.0,5697.0,5503.0,5366.0,5551.0,5349.0,5597.200000000001,128.0,1.96,112.2,5485.000000000001,5709.400000000001,453.8,112.2,8.1,2.1,5597.2 (±112.2),453.8 (±112.2),8.1% (±2.1%),308507,147.1,36.4,147.1(±36.4)
Male,Austria,2020,6051.0,5697.0,5503.0,5366.0,5551.0,5349.0,5597.200000000001,128.0,1.96,112.2,5485.000000000001,5709.400000000001,453.8,112.2,8.1,2.1,5597.2 (±112.2),453.8 (±112.2),8.1% (±2.1%),356947,127.1,31.5,127.1(±31.5)
Male,Austria,2020,6051.0,5697.0,5503.0,5366.0,5551.0,5349.0,5597.200000000001,128.0,1.96,112.2,5485.000000000001,5709.400000000001,453.8,112.2,8.1,2.1,5597.2 (±112.2),453.8 (±112.2),8.1% (±2.1%),342150,132.6,32.8,132.6(±32.8)
Male,Austria,2020,6051.0,5697.0,5503.0,5366.0,5551.0,5349.0,5597.200000000001,128.0,1.96,112.2,5485.000000000001,5709.400000000001,453.8,112.2,8.1,2.1,5597.2 (±112.2),453.8 (±112.2),8.1% (±2.1%),275937,164.5,40.6,164.5(±40.6)
Male,Belgium,2020,8021.0,7986.0,7619.0,7380.0,7187.0,6976.0,7588.8,350.0,1.96,306.8,7282.0,7895.6,432.2,306.8,5.7,4.1,7588.8 (±306.8),432.2 (±306.8),5.7% (±4.1%),372015,116.2,82.4,116.2(±82.4)
Male,Belgium,2020,8021.0,7986.0,7619.0,7380.0,7187.0,6976.0,7588.8,350.0,1.96,306.8,7282.0,7895.6,432.2,306.8,5.7,4.1,7588.8 (±306.8),432.2 (±306.8),5.7% (±4.1%),389021,111.1,78.9,111.1(±78.9)
Male,Belgium,2020,8021.0,7986.0,7619.0,7380.0,7187.0,6976.0,7588.8,350.0,1.96,306.8,7282.0,7895.6,432.2,306.8,5.7,4.1,7588.8 (±306.8),432.2 (±306.8),5.7% (±4.1%),400907,107.8,76.5,107.8(±76.5)
Male,Belgium,2020,8021.0,7986.0,7619.0,7380.0,7187.0,6976.0,7588.8,350.0,1.96,306.8,7282.0,7895.6,432.2,306.8,5.7,4.1,7588.8 (±306.8),432.2 (±306.8),5.7% (±4.1%),401063,107.8,76.5,107.8(±76.5)
Male,Belgium,2020,8021.0,7986.0,7619.0,7380.0,7187.0,6976.0,7588.8,350.0,1.96,306.8,7282.0,7895.6,432.2,306.8,5.7,4.1,7588.8 (±306.8),432.2 (±306.8),5.7% (±4.1%),356947,121.1,85.9,121.1(±85.9)
Male,Bulgaria,2020,13594.0,11830.0,11572.0,11075.0,11203.0,10867.0,11547.000000000002,347.0,1.96,304.2,11242.800000000001,11851.200000000003,2047.0,304.2,17.7,3.0,11547.0 (±304.2),2047.0 (±304.2),17.7% (±3.0%),274231,746.5,110.9,746.5(±110.9)
Male,Bulgaria,2020,13594.0,11830.0,11572.0,11075.0,11203.0,10867.0,11547.000000000002,347.0,1.96,304.2,11242.800000000001,11851.200000000003,2047.0,304.2,17.7,3.0,11547.0 (±304.2),2047.0 (±304.2),17.7% (±3.0%),267728,764.6,113.6,764.6(±113.6)
Male,Bulgaria,2020,13594.0,11830.0,11572.0,11075.0,11203.0,10867.0,11547.000000000002,347.0,1.96,304.2,11242.800000000001,11851.200000000003,2047.0,304.2,17.7,3.0,11547.0 (±304.2),2047.0 (±304.2),17.7% (±3.0%),241947,846.1,125.7,846.1(±125.7)
Male,Bulgaria,2020,13594.0,11830.0,11572.0,11075.0,11203.0,10867.0,11547.000000000002,347.0,1.96,304.2,11242.800000000001,11851.200000000003,2047.0,304.2,17.7,3.0,11547.0 (±304.2),2047.0 (±304.2),17.7% (±3.0%),233065,878.3,130.5,878.3(±130.5)
Male,Bulgaria,2020,13594.0,11830.0,11572.0,11075.0,11203.0,10867.0,11547.000000000002,347.0,1.96,304.2,11242.800000000001,11851.200000000003,2047.0,304.2,17.7,3.0,11547.0 (±304.2),2047.0 (±304.2),17.7% (±3.0%),222922,918.3,136.4,918.3(±136.4)
Male,Croatia,2020,4656.0,5052.0,4719.0,4581.0,4686.0,4284.0,4770.800000000001,247.1,1.96,216.6,4554.200000000001,4987.4000000000015,-114.8,216.6,-2.4,4.2,4770.8 (±216.6),-114.8 (±216.6),-2.4% (±4.2%),141763,-81.0,152.8,-81.0(±152.8)
Male,Croatia,2020,4656.0,5052.0,4719.0,4581.0,4686.0,4284.0,4770.800000000001,247.1,1.96,216.6,4554.200000000001,4987.4000000000015,-114.8,216.6,-2.4,4.2,4770.8 (±216.6),-114.8 (±216.6),-2.4% (±4.2%),135207,-84.9,160.2,-84.9(±160.2)
Male,Croatia,2020,4656.0,5052.0,4719.0,4581.0,4686.0,4284.0,4770.800000000001,247.1,1.96,216.6,4554.200000000001,4987.4000000000015,-114.8,216.6,-2.4,4.2,4770.8 (±216.6),-114.8 (±216.6),-2.4% (±4.2%),139070,-82.5,155.7,-82.5(±155.7)
Male,Croatia,2020,4656.0,5052.0,4719.0,4581.0,4686.0,4284.0,4770.800000000001,247.1,1.96,216.6,4554.200000000001,4987.4000000000015,-114.8,216.6,-2.4,4.2,4770.8 (±216.6),-114.8 (±216.6),-2.4% (±4.2%),140878,-81.5,153.8,-81.5(±153.8)
Male,Croatia,2020,4656.0,5052.0,4719.0,4581.0,4686.0,4284.0,4770.800000000001,247.1,1.96,216.6,4554.200000000001,4987.4000000000015,-114.8,216.6,-2.4,4.2,4770.8 (±216.6),-114.8 (±216.6),-2.4% (±4.2%),141012,-81.4,153.6,-81.4(±153.6)
Male,Cyprus,2020,473.0,404.0,382.0,415.0,369.0,403.0,400.20000000000005,16.7,1.96,14.6,385.6,414.80000000000007,72.8,14.6,18.2,4.2,400.2 (±14.6),72.8 (±14.6),18.2% (±4.2%),28191,258.2,51.8,258.2(±51.8)
Male,Cyprus,2020,473.0,404.0,382.0,415.0,369.0,403.0,400.20000000000005,16.7,1.96,14.6,385.6,414.80000000000007,72.8,14.6,18.2,4.2,400.2 (±14.6),72.8 (±14.6),18.2% (±4.2%),25967,280.4,56.2,280.4(±56.2)
Male,Cyprus,2020,473.0,404.0,382.0,415.0,369.0,403.0,400.20000000000005,16.7,1.96,14.6,385.6,414.80000000000007,72.8,14.6,18.2,4.2,400.2 (±14.6),72.8 (±14.6),18.2% (±4.2%),26481,274.9,55.1,274.9(±55.1)
Male,Cyprus,2020,473.0,404.0,382.0,415.0,369.0,403.0,400.20000000000005,16.7,1.96,14.6,385.6,414.80000000000007,72.8,14.6,18.2,4.2,400.2 (±14.6),72.8 (±14.6),18.2% (±4.2%),26895,270.7,54.3,270.7(±54.3)
Male,Cyprus,2020,473.0,404.0,382.0,415.0,369.0,403.0,400.20000000000005,16.7,1.96,14.6,385.6,414.80000000000007,72.8,14.6,18.2,4.2,400.2 (±14.6),72.8 (±14.6),18.2% (±4.2%),24552,296.5,59.5,296.5(±59.5)
Male,Czechia,2020,10303.0,10296.0,9662.0,9610.0,9469.0,9187.0,9844.800000000003,365.0,1.96,319.9,9524.900000000003,10164.700000000003,458.2,319.9,4.7,3.3,9844.8 (±319.9),458.2 (±319.9),4.7% (±3.3%),474936,96.5,67.3,96.5(±67.3)
Male,Czechia,2020,10303.0,10296.0,9662.0,9610.0,9469.0,9187.0,9844.800000000003,365.0,1.96,319.9,9524.900000000003,10164.700000000003,458.2,319.9,4.7,3.3,9844.8 (±319.9),458.2 (±319.9),4.7% (±3.3%),431168,106.3,74.2,106.3(±74.2)
Male,Czechia,2020,10303.0,10296.0,9662.0,9610.0,9469.0,9187.0,9844.800000000003,365.0,1.96,319.9,9524.900000000003,10164.700000000003,458.2,319.9,4.7,3.3,9844.8 (±319.9),458.2 (±319.9),4.7% (±3.3%),349879,131.0,91.4,131.0(±91.4)
Male,Czechia,2020,10303.0,10296.0,9662.0,9610.0,9469.0,9187.0,9844.800000000003,365.0,1.96,319.9,9524.900000000003,10164.700000000003,458.2,319.9,4.7,3.3,9844.8 (±319.9),458.2 (±319.9),4.7% (±3.3%),328076,139.7,97.5,139.7(±97.5)
Male,Czechia,2020,10303.0,10296.0,9662.0,9610.0,9469.0,9187.0,9844.800000000003,365.0,1.96,319.9,9524.900000000003,10164.700000000003,458.2,319.9,4.7,3.3,9844.8 (±319.9),458.2 (±319.9),4.7% (±3.3%),316420,144.8,101.1,144.8(±101.1)
Male,Denmark,2020,3397.0,3937.0,3766.0,3653.0,3637.0,3478.0,3758.200000000001,152.2,1.96,133.4,3624.800000000001,3891.6000000000013,-361.2,133.4,-9.6,3.1,3758.2 (±133.4),-361.2 (±133.4),-9.6% (±3.1%),182485,-197.9,73.1,-197.9(±73.1)
Male,Denmark,2020,3397.0,3937.0,3766.0,3653.0,3637.0,3478.0,3758.200000000001,152.2,1.96,133.4,3624.800000000001,3891.6000000000013,-361.2,133.4,-9.6,3.1,3758.2 (±133.4),-361.2 (±133.4),-9.6% (±3.1%),196145,-184.1,68.0,-184.1(±68.0)
Male,Denmark,2020,3397.0,3937.0,3766.0,3653.0,3637.0,3478.0,3758.200000000001,152.2,1.96,133.4,3624.800000000001,3891.6000000000013,-361.2,133.4,-9.6,3.1,3758.2 (±133.4),-361.2 (±133.4),-9.6% (±3.1%),207533,-174.0,64.2,-174.0(±64.2)
Male,Denmark,2020,3397.0,3937.0,3766.0,3653.0,3637.0,3478.0,3758.200000000001,152.2,1.96,133.4,3624.800000000001,3891.6000000000013,-361.2,133.4,-9.6,3.1,3758.2 (±133.4),-361.2 (±133.4),-9.6% (±3.1%),194819,-185.4,68.5,-185.4(±68.5)
Male,Denmark,2020,3397.0,3937.0,3766.0,3653.0,3637.0,3478.0,3758.200000000001,152.2,1.96,133.4,3624.800000000001,3891.6000000000013,-361.2,133.4,-9.6,3.1,3758.2 (±133.4),-361.2 (±133.4),-9.6% (±3.1%),170661,-211.6,78.1,-211.6(±78.1)
Male,Estonia,2020,1648.0,1665.0,1628.0,1556.0,1596.0,1462.0,1610.2,69.7,1.96,61.1,1549.1000000000001,1671.3,37.8,61.1,2.3,3.7,1610.2 (±61.1),37.8 (±61.1),2.3% (±3.7%),46981,80.5,130.0,80.5(±130.0)
Male,Estonia,2020,1648.0,1665.0,1628.0,1556.0,1596.0,1462.0,1610.2,69.7,1.96,61.1,1549.1000000000001,1671.3,37.8,61.1,2.3,3.7,1610.2 (±61.1),37.8 (±61.1),2.3% (±3.7%),46427,81.4,131.6,81.4(±131.6)
Male,Estonia,2020,1648.0,1665.0,1628.0,1556.0,1596.0,1462.0,1610.2,69.7,1.96,61.1,1549.1000000000001,1671.3,37.8,61.1,2.3,3.7,1610.2 (±61.1),37.8 (±61.1),2.3% (±3.7%),41120,91.9,148.6,91.9(±148.6)
Male,Estonia,2020,1648.0,1665.0,1628.0,1556.0,1596.0,1462.0,1610.2,69.7,1.96,61.1,1549.1000000000001,1671.3,37.8,61.1,2.3,3.7,1610.2 (±61.1),37.8 (±61.1),2.3% (±3.7%),41599,90.9,146.8,90.9(±146.8)
Male,Estonia,2020,1648.0,1665.0,1628.0,1556.0,1596.0,1462.0,1610.2,69.7,1.96,61.1,1549.1000000000001,1671.3,37.8,61.1,2.3,3.7,1610.2 (±61.1),37.8 (±61.1),2.3% (±3.7%),38391,98.5,159.1,98.5(±159.1)
Male,Finland,2020,3741.0,4140.0,3900.0,3772.0,3724.0,3350.0,3850.8000000000006,257.7,1.96,225.9,3624.9000000000005,4076.7000000000007,-109.8,225.9,-2.9,5.3,3850.8 (±225.9),-109.8 (±225.9),-2.9% (±5.3%),177928,-61.7,127.0,-61.7(±127.0)
Male,Finland,2020,3741.0,4140.0,3900.0,3772.0,3724.0,3350.0,3850.8000000000006,257.7,1.96,225.9,3624.9000000000005,4076.7000000000007,-109.8,225.9,-2.9,5.3,3850.8 (±225.9),-109.8 (±225.9),-2.9% (±5.3%),159982,-68.6,141.2,-68.6(±141.2)
Male,Finland,2020,3741.0,4140.0,3900.0,3772.0,3724.0,3350.0,3850.8000000000006,257.7,1.96,225.9,3624.9000000000005,4076.7000000000007,-109.8,225.9,-2.9,5.3,3850.8 (±225.9),-109.8 (±225.9),-2.9% (±5.3%),179182,-61.3,126.1,-61.3(±126.1)
Male,Finland,2020,3741.0,4140.0,3900.0,3772.0,3724.0,3350.0,3850.8000000000006,257.7,1.96,225.9,3624.9000000000005,4076.7000000000007,-109.8,225.9,-2.9,5.3,3850.8 (±225.9),-109.8 (±225.9),-2.9% (±5.3%),183719,-59.8,123.0,-59.8(±123.0)
Male,Finland,2020,3741.0,4140.0,3900.0,3772.0,3724.0,3350.0,3850.8000000000006,257.7,1.96,225.9,3624.9000000000005,4076.7000000000007,-109.8,225.9,-2.9,5.3,3850.8 (±225.9),-109.8 (±225.9),-2.9% (±5.3%),176283,-62.3,128.2,-62.3(±128.2)
Male,France,2020,45854.0,48367.0,46453.0,45201.0,44161.0,42805.0,46342.2,1909.0,1.96,1673.3,44668.899999999994,48015.5,-488.2,1673.3,-1.1,3.4,46342.2 (±1673.3),-488.2 (±1673.3),-1.1% (±3.4%),2009269,-24.3,83.3,-24.3(±83.3)
Male,France,2020,45854.0,48367.0,46453.0,45201.0,44161.0,42805.0,46342.2,1909.0,1.96,1673.3,44668.899999999994,48015.5,-488.2,1673.3,-1.1,3.4,46342.2 (±1673.3),-488.2 (±1673.3),-1.1% (±3.4%),2237556,-21.8,74.8,-21.8(±74.8)
Male,France,2020,45854.0,48367.0,46453.0,45201.0,44161.0,42805.0,46342.2,1909.0,1.96,1673.3,44668.899999999994,48015.5,-488.2,1673.3,-1.1,3.4,46342.2 (±1673.3),-488.2 (±1673.3),-1.1% (±3.4%),2180009,-22.4,76.8,-22.4(±76.8)
Male,France,2020,45854.0,48367.0,46453.0,45201.0,44161.0,42805.0,46342.2,1909.0,1.96,1673.3,44668.899999999994,48015.5,-488.2,1673.3,-1.1,3.4,46342.2 (±1673.3),-488.2 (±1673.3),-1.1% (±3.4%),2122453,-23.0,78.8,-23.0(±78.8)
Male,France,2020,45854.0,48367.0,46453.0,45201.0,44161.0,42805.0,46342.2,1909.0,1.96,1673.3,44668.899999999994,48015.5,-488.2,1673.3,-1.1,3.4,46342.2 (±1673.3),-488.2 (±1673.3),-1.1% (±3.4%),1956134,-25.0,85.6,-25.0(±85.6)
Male,Greece,2020,8146.0,8189.0,7736.0,7840.0,7754.0,7740.0,8002.999999999998,172.8,1.96,151.5,7851.499999999998,8154.499999999998,143.0,151.5,1.8,1.9,8003.0 (±151.5),143.0 (±151.5),1.8% (±1.9%),397708,36.0,38.0,36.0(±38.0)
Male,Greece,2020,8146.0,8189.0,7736.0,7840.0,7754.0,7740.0,8002.999999999998,172.8,1.96,151.5,7851.499999999998,8154.499999999998,143.0,151.5,1.8,1.9,8003.0 (±151.5),143.0 (±151.5),1.8% (±1.9%),391322,36.5,38.8,36.5(±38.8)
Male,Greece,2020,8146.0,8189.0,7736.0,7840.0,7754.0,7740.0,8002.999999999998,172.8,1.96,151.5,7851.499999999998,8154.499999999998,143.0,151.5,1.8,1.9,8003.0 (±151.5),143.0 (±151.5),1.8% (±1.9%),384485,37.2,39.4,37.2(±39.4)
Male,Greece,2020,8146.0,8189.0,7736.0,7840.0,7754.0,7740.0,8002.999999999998,172.8,1.96,151.5,7851.499999999998,8154.499999999998,143.0,151.5,1.8,1.9,8003.0 (±151.5),143.0 (±151.5),1.8% (±1.9%),337891,42.3,44.9,42.3(±44.9)
Male,Greece,2020,8146.0,8189.0,7736.0,7840.0,7754.0,7740.0,8002.999999999998,172.8,1.96,151.5,7851.499999999998,8154.499999999998,143.0,151.5,1.8,1.9,8003.0 (±151.5),143.0 (±151.5),1.8% (±1.9%),320371,44.6,47.3,44.6(±47.3)
Male,Hungary,2020,14753.0,15728.0,15104.0,14479.0,14761.0,13488.0,15042.399999999998,740.4,1.96,649.0,14393.399999999998,15691.399999999998,-289.4,649.0,-1.9,4.1,15042.4 (±649.0),-289.4 (±649.0),-1.9% (±4.1%),424999,-68.1,152.7,-68.1(±152.7)
Male,Hungary,2020,14753.0,15728.0,15104.0,14479.0,14761.0,13488.0,15042.399999999998,740.4,1.96,649.0,14393.399999999998,15691.399999999998,-289.4,649.0,-1.9,4.1,15042.4 (±649.0),-289.4 (±649.0),-1.9% (±4.1%),378311,-76.5,171.6,-76.5(±171.6)
Male,Hungary,2020,14753.0,15728.0,15104.0,14479.0,14761.0,13488.0,15042.399999999998,740.4,1.96,649.0,14393.399999999998,15691.399999999998,-289.4,649.0,-1.9,4.1,15042.4 (±649.0),-289.4 (±649.0),-1.9% (±4.1%),328888,-88.0,197.3,-88.0(±197.3)
Male,Hungary,2020,14753.0,15728.0,15104.0,14479.0,14761.0,13488.0,15042.399999999998,740.4,1.96,649.0,14393.399999999998,15691.399999999998,-289.4,649.0,-1.9,4.1,15042.4 (±649.0),-289.4 (±649.0),-1.9% (±4.1%),273555,-105.8,237.3,-105.8(±237.3)
Male,Hungary,2020,14753.0,15728.0,15104.0,14479.0,14761.0,13488.0,15042.399999999998,740.4,1.96,649.0,14393.399999999998,15691.399999999998,-289.4,649.0,-1.9,4.1,15042.4 (±649.0),-289.4 (±649.0),-1.9% (±4.1%),295633,-97.9,219.5,-97.9(±219.5)
Male,Iceland,2020,157.0,123.0,129.0,148.0,153.0,170.0,148.59999999999997,17.0,1.96,14.9,133.69999999999996,163.49999999999997,8.4,14.9,5.7,9.7,148.6 (±14.9),8.4 (±14.9),5.7% (±9.7%),12557,66.9,118.7,66.9(±118.7)
Male,Iceland,2020,157.0,123.0,129.0,148.0,153.0,170.0,148.59999999999997,17.0,1.96,14.9,133.69999999999996,163.49999999999997,8.4,14.9,5.7,9.7,148.6 (±14.9),8.4 (±14.9),5.7% (±9.7%),12007,70.0,124.1,70.0(±124.1)
Male,Iceland,2020,157.0,123.0,129.0,148.0,153.0,170.0,148.59999999999997,17.0,1.96,14.9,133.69999999999996,163.49999999999997,8.4,14.9,5.7,9.7,148.6 (±14.9),8.4 (±14.9),5.7% (±9.7%),11232,74.8,132.6,74.8(±132.6)
Male,Iceland,2020,157.0,123.0,129.0,148.0,153.0,170.0,148.59999999999997,17.0,1.96,14.9,133.69999999999996,163.49999999999997,8.4,14.9,5.7,9.7,148.6 (±14.9),8.4 (±14.9),5.7% (±9.7%),10985,76.5,135.6,76.5(±135.6)
Male,Iceland,2020,157.0,123.0,129.0,148.0,153.0,170.0,148.59999999999997,17.0,1.96,14.9,133.69999999999996,163.49999999999997,8.4,14.9,5.7,9.7,148.6 (±14.9),8.4 (±14.9),5.7% (±9.7%),10288,81.6,144.9,81.6(±144.9)
Male,Italy,2020,36742.0,33698.0,32023.0,32121.0,31452.0,30736.0,32685.999999999993,979.4,1.96,858.5,31827.499999999993,33544.49999999999,4056.0,858.5,12.4,2.9,32686.0 (±858.5),4056.0 (±858.5),12.4% (±2.9%),2089198,194.1,41.1,194.1(±41.1)
Male,Italy,2020,36742.0,33698.0,32023.0,32121.0,31452.0,30736.0,32685.999999999993,979.4,1.96,858.5,31827.499999999993,33544.49999999999,4056.0,858.5,12.4,2.9,32686.0 (±858.5),4056.0 (±858.5),12.4% (±2.9%),2356800,172.1,36.4,172.1(±36.4)
Male,Italy,2020,36742.0,33698.0,32023.0,32121.0,31452.0,30736.0,32685.999999999993,979.4,1.96,858.5,31827.499999999993,33544.49999999999,4056.0,858.5,12.4,2.9,32686.0 (±858.5),4056.0 (±858.5),12.4% (±2.9%),2404144,168.7,35.7,168.7(±35.7)
Male,Italy,2020,36742.0,33698.0,32023.0,32121.0,31452.0,30736.0,32685.999999999993,979.4,1.96,858.5,31827.499999999993,33544.49999999999,4056.0,858.5,12.4,2.9,32686.0 (±858.5),4056.0 (±858.5),12.4% (±2.9%),2213008,183.3,38.8,183.3(±38.8)
Male,Italy,2020,36742.0,33698.0,32023.0,32121.0,31452.0,30736.0,32685.999999999993,979.4,1.96,858.5,31827.499999999993,33544.49999999999,4056.0,858.5,12.4,2.9,32686.0 (±858.5),4056.0 (±858.5),12.4% (±2.9%),1874922,216.3,45.8,216.3(±45.8)
Male,Latvia,2020,3144.0,3443.0,3303.0,3296.0,3331.0,3013.0,3340.4,142.3,1.96,124.7,3215.7000000000003,3465.1,-196.4,124.7,-5.9,3.4,3340.4 (±124.7),-196.4 (±124.7),-5.9% (±3.4%),61425,-319.7,203.0,-319.7(±203.0)
Male,Latvia,2020,3144.0,3443.0,3303.0,3296.0,3331.0,3013.0,3340.4,142.3,1.96,124.7,3215.7000000000003,3465.1,-196.4,124.7,-5.9,3.4,3340.4 (±124.7),-196.4 (±124.7),-5.9% (±3.4%),64157,-306.1,194.3,-306.1(±194.3)
Male,Latvia,2020,3144.0,3443.0,3303.0,3296.0,3331.0,3013.0,3340.4,142.3,1.96,124.7,3215.7000000000003,3465.1,-196.4,124.7,-5.9,3.4,3340.4 (±124.7),-196.4 (±124.7),-5.9% (±3.4%),60656,-323.8,205.6,-323.8(±205.6)
Male,Latvia,2020,3144.0,3443.0,3303.0,3296.0,3331.0,3013.0,3340.4,142.3,1.96,124.7,3215.7000000000003,3465.1,-196.4,124.7,-5.9,3.4,3340.4 (±124.7),-196.4 (±124.7),-5.9% (±3.4%),63178,-310.9,197.4,-310.9(±197.4)
Male,Latvia,2020,3144.0,3443.0,3303.0,3296.0,3331.0,3013.0,3340.4,142.3,1.96,124.7,3215.7000000000003,3465.1,-196.4,124.7,-5.9,3.4,3340.4 (±124.7),-196.4 (±124.7),-5.9% (±3.4%),57448,-341.9,217.1,-341.9(±217.1)
Male,Liechtenstein,2020,14.0,20.0,18.0,21.0,17.0,15.0,18.199999999999992,2.1,1.96,1.8,16.39999999999999,19.999999999999993,-4.2,1.8,-23.1,6.9,18.2 (±1.8),-4.2 (±1.8),-23.1% (±6.9%),1274,-329.7,141.3,-329.7(±141.3)
Male,Liechtenstein,2020,14.0,20.0,18.0,21.0,17.0,15.0,18.199999999999992,2.1,1.96,1.8,16.39999999999999,19.999999999999993,-4.2,1.8,-23.1,6.9,18.2 (±1.8),-4.2 (±1.8),-23.1% (±6.9%),1469,-285.9,122.5,-285.9(±122.5)
Male,Liechtenstein,2020,14.0,20.0,18.0,21.0,17.0,15.0,18.199999999999992,2.1,1.96,1.8,16.39999999999999,19.999999999999993,-4.2,1.8,-23.1,6.9,18.2 (±1.8),-4.2 (±1.8),-23.1% (±6.9%),1599,-262.7,112.6,-262.7(±112.6)
Male,Liechtenstein,2020,14.0,20.0,18.0,21.0,17.0,15.0,18.199999999999992,2.1,1.96,1.8,16.39999999999999,19.999999999999993,-4.2,1.8,-23.1,6.9,18.2 (±1.8),-4.2 (±1.8),-23.1% (±6.9%),1541,-272.6,116.9,-272.6(±116.9)
Male,Liechtenstein,2020,14.0,20.0,18.0,21.0,17.0,15.0,18.199999999999992,2.1,1.96,1.8,16.39999999999999,19.999999999999993,-4.2,1.8,-23.1,6.9,18.2 (±1.8),-4.2 (±1.8),-23.1% (±6.9%),1298,-323.6,138.7,-323.6(±138.7)
Male,Lithuania,2020,5336.0,5421.0,5203.0,4514.0,4424.0,4415.0,4913.799999999998,428.8,1.96,375.9,4537.899999999999,5289.699999999998,422.2,375.9,8.6,7.7,4913.8 (±375.9),422.2 (±375.9),8.6% (±7.7%),87980,479.9,427.2,479.9(±427.2)
Male,Lithuania,2020,5336.0,5421.0,5203.0,4514.0,4424.0,4415.0,4913.799999999998,428.8,1.96,375.9,4537.899999999999,5289.699999999998,422.2,375.9,8.6,7.7,4913.8 (±375.9),422.2 (±375.9),8.6% (±7.7%),95893,440.3,392.0,440.3(±392.0)
Male,Lithuania,2020,5336.0,5421.0,5203.0,4514.0,4424.0,4415.0,4913.799999999998,428.8,1.96,375.9,4537.899999999999,5289.699999999998,422.2,375.9,8.6,7.7,4913.8 (±375.9),422.2 (±375.9),8.6% (±7.7%),96013,439.7,391.5,439.7(±391.5)
Male,Lithuania,2020,5336.0,5421.0,5203.0,4514.0,4424.0,4415.0,4913.799999999998,428.8,1.96,375.9,4537.899999999999,5289.699999999998,422.2,375.9,8.6,7.7,4913.8 (±375.9),422.2 (±375.9),8.6% (±7.7%),100456,420.3,374.2,420.3(±374.2)
Male,Lithuania,2020,5336.0,5421.0,5203.0,4514.0,4424.0,4415.0,4913.799999999998,428.8,1.96,375.9,4537.899999999999,5289.699999999998,422.2,375.9,8.6,7.7,4913.8 (±375.9),422.2 (±375.9),8.6% (±7.7%),85650,492.9,438.9,492.9(±438.9)
Male,Luxembourg,2020,379.0,316.0,346.0,315.0,334.0,343.0,340.39999999999986,13.1,1.96,11.5,328.89999999999986,351.89999999999986,38.6,11.5,11.3,3.6,340.4 (±11.5),38.6 (±11.5),11.3% (±3.6%),23781,162.3,48.4,162.3(±48.4)
Male,Luxembourg,2020,379.0,316.0,346.0,315.0,334.0,343.0,340.39999999999986,13.1,1.96,11.5,328.89999999999986,351.89999999999986,38.6,11.5,11.3,3.6,340.4 (±11.5),38.6 (±11.5),11.3% (±3.6%),23625,163.4,48.7,163.4(±48.7)
Male,Luxembourg,2020,379.0,316.0,346.0,315.0,334.0,343.0,340.39999999999986,13.1,1.96,11.5,328.89999999999986,351.89999999999986,38.6,11.5,11.3,3.6,340.4 (±11.5),38.6 (±11.5),11.3% (±3.6%),24495,157.6,46.9,157.6(±46.9)
Male,Luxembourg,2020,379.0,316.0,346.0,315.0,334.0,343.0,340.39999999999986,13.1,1.96,11.5,328.89999999999986,351.89999999999986,38.6,11.5,11.3,3.6,340.4 (±11.5),38.6 (±11.5),11.3% (±3.6%),22037,175.2,52.1,175.2(±52.1)
Male,Luxembourg,2020,379.0,316.0,346.0,315.0,334.0,343.0,340.39999999999986,13.1,1.96,11.5,328.89999999999986,351.89999999999986,38.6,11.5,11.3,3.6,340.4 (±11.5),38.6 (±11.5),11.3% (±3.6%),17485,220.8,65.7,220.8(±65.7)
Male,Malta,2020,266.0,256.0,240.0,213.0,243.0,229.0,241.00000000000003,14.4,1.96,12.6,228.40000000000003,253.60000000000002,25.0,12.6,10.4,5.5,241.0 (±12.6),25.0 (±12.6),10.4% (±5.5%),20331,123.0,61.9,123.0(±61.9)
Male,Malta,2020,266.0,256.0,240.0,213.0,243.0,229.0,241.00000000000003,14.4,1.96,12.6,228.40000000000003,253.60000000000002,25.0,12.6,10.4,5.5,241.0 (±12.6),25.0 (±12.6),10.4% (±5.5%),17172,145.6,73.4,145.6(±73.4)
Male,Malta,2020,266.0,256.0,240.0,213.0,243.0,229.0,241.00000000000003,14.4,1.96,12.6,228.40000000000003,253.60000000000002,25.0,12.6,10.4,5.5,241.0 (±12.6),25.0 (±12.6),10.4% (±5.5%),14787,169.1,85.2,169.1(±85.2)
Male,Malta,2020,266.0,256.0,240.0,213.0,243.0,229.0,241.00000000000003,14.4,1.96,12.6,228.40000000000003,253.60000000000002,25.0,12.6,10.4,5.5,241.0 (±12.6),25.0 (±12.6),10.4% (±5.5%),15848,157.7,79.6,157.7(±79.6)
Male,Malta,2020,266.0,256.0,240.0,213.0,243.0,229.0,241.00000000000003,14.4,1.96,12.6,228.40000000000003,253.60000000000002,25.0,12.6,10.4,5.5,241.0 (±12.6),25.0 (±12.6),10.4% (±5.5%),15609,160.2,80.7,160.2(±80.7)
Male,Netherlands,2020,9364.0,9312.0,9067.0,8848.0,8726.0,8577.0,9078.8,258.8,1.96,226.8,8852.0,9305.599999999999,285.2,226.8,3.1,2.5,9078.8 (±226.8),285.2 (±226.8),3.1% (±2.5%),509422,56.0,44.5,56.0(±44.5)
Male,Netherlands,2020,9364.0,9312.0,9067.0,8848.0,8726.0,8577.0,9078.8,258.8,1.96,226.8,8852.0,9305.599999999999,285.2,226.8,3.1,2.5,9078.8 (±226.8),285.2 (±226.8),3.1% (±2.5%),590441,48.3,38.4,48.3(±38.4)
Male,Netherlands,2020,9364.0,9312.0,9067.0,8848.0,8726.0,8577.0,9078.8,258.8,1.96,226.8,8852.0,9305.599999999999,285.2,226.8,3.1,2.5,9078.8 (±226.8),285.2 (±226.8),3.1% (±2.5%),644054,44.3,35.2,44.3(±35.2)
Male,Netherlands,2020,9364.0,9312.0,9067.0,8848.0,8726.0,8577.0,9078.8,258.8,1.96,226.8,8852.0,9305.599999999999,285.2,226.8,3.1,2.5,9078.8 (±226.8),285.2 (±226.8),3.1% (±2.5%),626683,45.5,36.2,45.5(±36.2)
Male,Netherlands,2020,9364.0,9312.0,9067.0,8848.0,8726.0,8577.0,9078.8,258.8,1.96,226.8,8852.0,9305.599999999999,285.2,226.8,3.1,2.5,9078.8 (±226.8),285.2 (±226.8),3.1% (±2.5%),556408,51.3,40.7,51.3(±40.7)
Male,Norway,2020,2270.0,2454.0,2429.0,2325.0,2289.0,2266.0,2404.6000000000004,75.4,1.96,66.1,2338.5000000000005,2470.7000000000003,-134.6,66.1,-5.6,2.5,2404.6 (±66.1),-134.6 (±66.1),-5.6% (±2.5%),178690,-75.3,37.0,-75.3(±37.0)
Male,Norway,2020,2270.0,2454.0,2429.0,2325.0,2289.0,2266.0,2404.6000000000004,75.4,1.96,66.1,2338.5000000000005,2470.7000000000003,-134.6,66.1,-5.6,2.5,2404.6 (±66.1),-134.6 (±66.1),-5.6% (±2.5%),192831,-69.8,34.3,-69.8(±34.3)
Male,Norway,2020,2270.0,2454.0,2429.0,2325.0,2289.0,2266.0,2404.6000000000004,75.4,1.96,66.1,2338.5000000000005,2470.7000000000003,-134.6,66.1,-5.6,2.5,2404.6 (±66.1),-134.6 (±66.1),-5.6% (±2.5%),190777,-70.6,34.7,-70.6(±34.7)
Male,Norway,2020,2270.0,2454.0,2429.0,2325.0,2289.0,2266.0,2404.6000000000004,75.4,1.96,66.1,2338.5000000000005,2470.7000000000003,-134.6,66.1,-5.6,2.5,2404.6 (±66.1),-134.6 (±66.1),-5.6% (±2.5%),169432,-79.4,39.0,-79.4(±39.0)
Male,Norway,2020,2270.0,2454.0,2429.0,2325.0,2289.0,2266.0,2404.6000000000004,75.4,1.96,66.1,2338.5000000000005,2470.7000000000003,-134.6,66.1,-5.6,2.5,2404.6 (±66.1),-134.6 (±66.1),-5.6% (±2.5%),154816,-86.9,42.7,-86.9(±42.7)
Male,Poland,2020,53776.0,53632.0,50809.0,49764.0,49292.0,47353.0,51241.19999999999,2062.3,1.96,1807.7,49433.49999999999,53048.89999999999,2534.8,1807.7,4.9,3.5,51241.2 (±1807.7),2534.8 (±1807.7),4.9% (±3.5%),1497999,169.2,120.7,169.2(±120.7)
Male,Poland,2020,53776.0,53632.0,50809.0,49764.0,49292.0,47353.0,51241.19999999999,2062.3,1.96,1807.7,49433.49999999999,53048.89999999999,2534.8,1807.7,4.9,3.5,51241.2 (±1807.7),2534.8 (±1807.7),4.9% (±3.5%),1284596,197.3,140.7,197.3(±140.7)
Male,Poland,2020,53776.0,53632.0,50809.0,49764.0,49292.0,47353.0,51241.19999999999,2062.3,1.96,1807.7,49433.49999999999,53048.89999999999,2534.8,1807.7,4.9,3.5,51241.2 (±1807.7),2534.8 (±1807.7),4.9% (±3.5%),1109198,228.5,163.0,228.5(±163.0)
Male,Poland,2020,53776.0,53632.0,50809.0,49764.0,49292.0,47353.0,51241.19999999999,2062.3,1.96,1807.7,49433.49999999999,53048.89999999999,2534.8,1807.7,4.9,3.5,51241.2 (±1807.7),2534.8 (±1807.7),4.9% (±3.5%),1152424,220.0,156.8,220.0(±156.8)
Male,Poland,2020,53776.0,53632.0,50809.0,49764.0,49292.0,47353.0,51241.19999999999,2062.3,1.96,1807.7,49433.49999999999,53048.89999999999,2534.8,1807.7,4.9,3.5,51241.2 (±1807.7),2534.8 (±1807.7),4.9% (±3.5%),1282957,197.6,140.9,197.6(±140.9)
Male,Portugal,2020,8787.0,8186.0,8221.0,8050.0,8115.0,7862.0,8258.8,126.9,1.96,111.2,8147.599999999999,8370.0,528.2,111.2,6.4,1.4,8258.8 (±111.2),528.2 (±111.2),6.4% (±1.4%),374062,141.2,29.7,141.2(±29.7)
Male,Portugal,2020,8787.0,8186.0,8221.0,8050.0,8115.0,7862.0,8258.8,126.9,1.96,111.2,8147.599999999999,8370.0,528.2,111.2,6.4,1.4,8258.8 (±111.2),528.2 (±111.2),6.4% (±1.4%),374161,141.2,29.7,141.2(±29.7)
Male,Portugal,2020,8787.0,8186.0,8221.0,8050.0,8115.0,7862.0,8258.8,126.9,1.96,111.2,8147.599999999999,8370.0,528.2,111.2,6.4,1.4,8258.8 (±111.2),528.2 (±111.2),6.4% (±1.4%),351817,150.1,31.6,150.1(±31.6)
Male,Portugal,2020,8787.0,8186.0,8221.0,8050.0,8115.0,7862.0,8258.8,126.9,1.96,111.2,8147.599999999999,8370.0,528.2,111.2,6.4,1.4,8258.8 (±111.2),528.2 (±111.2),6.4% (±1.4%),346645,152.4,32.1,152.4(±32.1)
Male,Portugal,2020,8787.0,8186.0,8221.0,8050.0,8115.0,7862.0,8258.8,126.9,1.96,111.2,8147.599999999999,8370.0,528.2,111.2,6.4,1.4,8258.8 (±111.2),528.2 (±111.2),6.4% (±1.4%),314248,168.1,35.4,168.1(±35.4)
Male,Romania,2020,35735.0,32160.0,31845.0,31120.0,31875.0,30949.0,32265.799999999996,469.7,1.96,411.7,31854.099999999995,32677.499999999996,3469.2,411.7,10.8,1.4,32265.8 (±411.7),3469.2 (±411.7),10.8% (±1.4%),786502,441.1,52.3,441.1(±52.3)
Male,Romania,2020,35735.0,32160.0,31845.0,31120.0,31875.0,30949.0,32265.799999999996,469.7,1.96,411.7,31854.099999999995,32677.499999999996,3469.2,411.7,10.8,1.4,32265.8 (±411.7),3469.2 (±411.7),10.8% (±1.4%),762905,454.7,54.0,454.7(±54.0)
Male,Romania,2020,35735.0,32160.0,31845.0,31120.0,31875.0,30949.0,32265.799999999996,469.7,1.96,411.7,31854.099999999995,32677.499999999996,3469.2,411.7,10.8,1.4,32265.8 (±411.7),3469.2 (±411.7),10.8% (±1.4%),755152,459.4,54.5,459.4(±54.5)
Male,Romania,2020,35735.0,32160.0,31845.0,31120.0,31875.0,30949.0,32265.799999999996,469.7,1.96,411.7,31854.099999999995,32677.499999999996,3469.2,411.7,10.8,1.4,32265.8 (±411.7),3469.2 (±411.7),10.8% (±1.4%),525351,660.4,78.3,660.4(±78.3)
Male,Romania,2020,35735.0,32160.0,31845.0,31120.0,31875.0,30949.0,32265.799999999996,469.7,1.96,411.7,31854.099999999995,32677.499999999996,3469.2,411.7,10.8,1.4,32265.8 (±411.7),3469.2 (±411.7),10.8% (±1.4%),605308,573.1,68.0,573.1(±68.0)
Male,Slovakia,2020,6742.0,7241.0,6847.0,6658.0,6650.0,6309.0,6877.800000000001,304.3,1.96,266.7,6611.100000000001,7144.500000000001,-135.8,266.7,-2.0,3.6,6877.8 (±266.7),-135.8 (±266.7),-2.0% (±3.6%),234095,-58.0,113.9,-58.0(±113.9)
Male,Slovakia,2020,6742.0,7241.0,6847.0,6658.0,6650.0,6309.0,6877.800000000001,304.3,1.96,266.7,6611.100000000001,7144.500000000001,-135.8,266.7,-2.0,3.6,6877.8 (±266.7),-135.8 (±266.7),-2.0% (±3.6%),202457,-67.1,131.8,-67.1(±131.8)
Male,Slovakia,2020,6742.0,7241.0,6847.0,6658.0,6650.0,6309.0,6877.800000000001,304.3,1.96,266.7,6611.100000000001,7144.500000000001,-135.8,266.7,-2.0,3.6,6877.8 (±266.7),-135.8 (±266.7),-2.0% (±3.6%),173020,-78.5,154.2,-78.5(±154.2)
Male,Slovakia,2020,6742.0,7241.0,6847.0,6658.0,6650.0,6309.0,6877.800000000001,304.3,1.96,266.7,6611.100000000001,7144.500000000001,-135.8,266.7,-2.0,3.6,6877.8 (±266.7),-135.8 (±266.7),-2.0% (±3.6%),175190,-77.5,152.2,-77.5(±152.2)
Male,Slovakia,2020,6742.0,7241.0,6847.0,6658.0,6650.0,6309.0,6877.800000000001,304.3,1.96,266.7,6611.100000000001,7144.500000000001,-135.8,266.7,-2.0,3.6,6877.8 (±266.7),-135.8 (±266.7),-2.0% (±3.6%),170074,-79.8,156.8,-79.8(±156.8)
Male,Slovenia,2020,1705.0,1917.0,1783.0,1752.0,1664.0,1571.0,1763.0000000000002,116.3,1.96,101.9,1661.1000000000001,1864.9000000000003,-58.0,101.9,-3.3,5.3,1763.0 (±101.9),-58.0 (±101.9),-3.3% (±5.3%),84676,-68.5,120.3,-68.5(±120.3)
Male,Slovenia,2020,1705.0,1917.0,1783.0,1752.0,1664.0,1571.0,1763.0000000000002,116.3,1.96,101.9,1661.1000000000001,1864.9000000000003,-58.0,101.9,-3.3,5.3,1763.0 (±101.9),-58.0 (±101.9),-3.3% (±5.3%),78050,-74.3,130.5,-74.3(±130.5)
Male,Slovenia,2020,1705.0,1917.0,1783.0,1752.0,1664.0,1571.0,1763.0000000000002,116.3,1.96,101.9,1661.1000000000001,1864.9000000000003,-58.0,101.9,-3.3,5.3,1763.0 (±101.9),-58.0 (±101.9),-3.3% (±5.3%),78090,-74.3,130.5,-74.3(±130.5)
Male,Slovenia,2020,1705.0,1917.0,1783.0,1752.0,1664.0,1571.0,1763.0000000000002,116.3,1.96,101.9,1661.1000000000001,1864.9000000000003,-58.0,101.9,-3.3,5.3,1763.0 (±101.9),-58.0 (±101.9),-3.3% (±5.3%),75697,-76.6,134.6,-76.6(±134.6)
Male,Slovenia,2020,1705.0,1917.0,1783.0,1752.0,1664.0,1571.0,1763.0000000000002,116.3,1.96,101.9,1661.1000000000001,1864.9000000000003,-58.0,101.9,-3.3,5.3,1763.0 (±101.9),-58.0 (±101.9),-3.3% (±5.3%),72167,-80.4,141.2,-80.4(±141.2)
Male,Spain,2020,32187.0,28777.0,28117.0,27747.0,28101.0,27807.0,28657.0,365.7,1.96,320.6,28336.4,28977.6,3530.0,320.6,12.3,1.2,28657.0 (±320.6),3530.0 (±320.6),12.3% (±1.2%),1992696,177.1,16.1,177.1(±16.1)
Male,Spain,2020,32187.0,28777.0,28117.0,27747.0,28101.0,27807.0,28657.0,365.7,1.96,320.6,28336.4,28977.6,3530.0,320.6,12.3,1.2,28657.0 (±320.6),3530.0 (±320.6),12.3% (±1.2%),1956277,180.4,16.4,180.4(±16.4)
Male,Spain,2020,32187.0,28777.0,28117.0,27747.0,28101.0,27807.0,28657.0,365.7,1.96,320.6,28336.4,28977.6,3530.0,320.6,12.3,1.2,28657.0 (±320.6),3530.0 (±320.6),12.3% (±1.2%),1829153,193.0,17.5,193.0(±17.5)
Male,Spain,2020,32187.0,28777.0,28117.0,27747.0,28101.0,27807.0,28657.0,365.7,1.96,320.6,28336.4,28977.6,3530.0,320.6,12.3,1.2,28657.0 (±320.6),3530.0 (±320.6),12.3% (±1.2%),1658246,212.9,19.3,212.9(±19.3)
Male,Spain,2020,32187.0,28777.0,28117.0,27747.0,28101.0,27807.0,28657.0,365.7,1.96,320.6,28336.4,28977.6,3530.0,320.6,12.3,1.2,28657.0 (±320.6),3530.0 (±320.6),12.3% (±1.2%),1416707,249.2,22.6,249.2(±22.6)
Male,Sweden,2020,4007.0,4366.0,3992.0,3905.0,3805.0,3480.0,3990.399999999999,286.6,1.96,251.2,3739.1999999999994,4241.599999999999,16.6,251.2,0.4,5.9,3990.4 (±251.2),16.6 (±251.2),0.4% (±5.9%),321942,5.2,78.0,5.2(±78.0)
Male,Sweden,2020,4007.0,4366.0,3992.0,3905.0,3805.0,3480.0,3990.399999999999,286.6,1.96,251.2,3739.1999999999994,4241.599999999999,16.6,251.2,0.4,5.9,3990.4 (±251.2),16.6 (±251.2),0.4% (±5.9%),338208,4.9,74.3,4.9(±74.3)
Male,Sweden,2020,4007.0,4366.0,3992.0,3905.0,3805.0,3480.0,3990.399999999999,286.6,1.96,251.2,3739.1999999999994,4241.599999999999,16.6,251.2,0.4,5.9,3990.4 (±251.2),16.6 (±251.2),0.4% (±5.9%),344164,4.8,73.0,4.8(±73.0)
Male,Sweden,2020,4007.0,4366.0,3992.0,3905.0,3805.0,3480.0,3990.399999999999,286.6,1.96,251.2,3739.1999999999994,4241.599999999999,16.6,251.2,0.4,5.9,3990.4 (±251.2),16.6 (±251.2),0.4% (±5.9%),313351,5.3,80.2,5.3(±80.2)
Male,Sweden,2020,4007.0,4366.0,3992.0,3905.0,3805.0,3480.0,3990.399999999999,286.6,1.96,251.2,3739.1999999999994,4241.599999999999,16.6,251.2,0.4,5.9,3990.4 (±251.2),16.6 (±251.2),0.4% (±5.9%),284848,5.8,88.2,5.8(±88.2)
Male,Switzerland,2020,3927.0,4031.0,3769.0,3902.0,3778.0,3686.0,3907.6,120.6,1.96,105.7,3801.9,4013.2999999999997,19.4,105.7,0.5,2.7,3907.6 (±105.7),19.4 (±105.7),0.5% (±2.7%),295717,6.6,35.7,6.6(±35.7)
Male,Switzerland,2020,3927.0,4031.0,3769.0,3902.0,3778.0,3686.0,3907.6,120.6,1.96,105.7,3801.9,4013.2999999999997,19.4,105.7,0.5,2.7,3907.6 (±105.7),19.4 (±105.7),0.5% (±2.7%),306832,6.3,34.5,6.3(±34.5)
Male,Switzerland,2020,3927.0,4031.0,3769.0,3902.0,3778.0,3686.0,3907.6,120.6,1.96,105.7,3801.9,4013.2999999999997,19.4,105.7,0.5,2.7,3907.6 (±105.7),19.4 (±105.7),0.5% (±2.7%),333884,5.8,31.7,5.8(±31.7)
Male,Switzerland,2020,3927.0,4031.0,3769.0,3902.0,3778.0,3686.0,3907.6,120.6,1.96,105.7,3801.9,4013.2999999999997,19.4,105.7,0.5,2.7,3907.6 (±105.7),19.4 (±105.7),0.5% (±2.7%),317676,6.1,33.3,6.1(±33.3)
Male,Switzerland,2020,3927.0,4031.0,3769.0,3902.0,3778.0,3686.0,3907.6,120.6,1.96,105.7,3801.9,4013.2999999999997,19.4,105.7,0.5,2.7,3907.6 (±105.7),19.4 (±105.7),0.5% (±2.7%),258313,7.5,40.9,7.5(±40.9)
Total,Austria,2020,9255.0,8875.0,8602.0,8347.0,8582.0,8358.0,8718.4,193.6,1.96,169.7,8548.699999999999,8888.1,536.6,169.7,6.2,2.1,8718.4 (±169.7),536.6 (±169.7),6.2% (±2.1%),564441,95.1,30.0,95.1(±30.0)
Total,Austria,2020,9255.0,8875.0,8602.0,8347.0,8582.0,8358.0,8718.4,193.6,1.96,169.7,8548.699999999999,8888.1,536.6,169.7,6.2,2.1,8718.4 (±169.7),536.6 (±169.7),6.2% (±2.1%),622453,86.2,27.3,86.2(±27.3)
Total,Austria,2020,9255.0,8875.0,8602.0,8347.0,8582.0,8358.0,8718.4,193.6,1.96,169.7,8548.699999999999,8888.1,536.6,169.7,6.2,2.1,8718.4 (±169.7),536.6 (±169.7),6.2% (±2.1%),711404,75.4,23.9,75.4(±23.9)
Total,Austria,2020,9255.0,8875.0,8602.0,8347.0,8582.0,8358.0,8718.4,193.6,1.96,169.7,8548.699999999999,8888.1,536.6,169.7,6.2,2.1,8718.4 (±169.7),536.6 (±169.7),6.2% (±2.1%),685485,78.3,24.7,78.3(±24.7)
Total,Austria,2020,9255.0,8875.0,8602.0,8347.0,8582.0,8358.0,8718.4,193.6,1.96,169.7,8548.699999999999,8888.1,536.6,169.7,6.2,2.1,8718.4 (±169.7),536.6 (±169.7),6.2% (±2.1%),565635,94.9,30.0,94.9(±30.0)
Total,Belgium,2020,12680.0,12880.0,12151.0,11810.0,11712.0,11364.0,12233.8,513.7,1.96,450.3,11783.5,12684.099999999999,446.2,450.3,3.6,3.6,12233.8 (±450.3),446.2 (±450.3),3.6% (±3.6%),738624,60.4,61.0,60.4(±61.0)
Total,Belgium,2020,12680.0,12880.0,12151.0,11810.0,11712.0,11364.0,12233.8,513.7,1.96,450.3,11783.5,12684.099999999999,446.2,450.3,3.6,3.6,12233.8 (±450.3),446.2 (±450.3),3.6% (±3.6%),768805,58.0,58.6,58.0(±58.6)
Total,Belgium,2020,12680.0,12880.0,12151.0,11810.0,11712.0,11364.0,12233.8,513.7,1.96,450.3,11783.5,12684.099999999999,446.2,450.3,3.6,3.6,12233.8 (±450.3),446.2 (±450.3),3.6% (±3.6%),791520,56.4,56.9,56.4(±56.9)
Total,Belgium,2020,12680.0,12880.0,12151.0,11810.0,11712.0,11364.0,12233.8,513.7,1.96,450.3,11783.5,12684.099999999999,446.2,450.3,3.6,3.6,12233.8 (±450.3),446.2 (±450.3),3.6% (±3.6%),800140,55.8,56.2,55.8(±56.2)
Total,Belgium,2020,12680.0,12880.0,12151.0,11810.0,11712.0,11364.0,12233.8,513.7,1.96,450.3,11783.5,12684.099999999999,446.2,450.3,3.6,3.6,12233.8 (±450.3),446.2 (±450.3),3.6% (±3.6%),723984,61.6,62.2,61.6(±62.2)
Total,Bulgaria,2020,19849.0,17125.0,16808.0,16204.0,16293.0,15587.0,16732.199999999997,529.7,1.96,464.3,16267.899999999998,17196.499999999996,3116.8,464.3,18.6,3.2,16732.2 (±464.3),3116.8 (±464.3),18.6% (±3.2%),532837,584.9,87.2,584.9(±87.2)
Total,Bulgaria,2020,19849.0,17125.0,16808.0,16204.0,16293.0,15587.0,16732.199999999997,529.7,1.96,464.3,16267.899999999998,17196.499999999996,3116.8,464.3,18.6,3.2,16732.2 (±464.3),3116.8 (±464.3),18.6% (±3.2%),522513,596.5,88.9,596.5(±88.9)
Total,Bulgaria,2020,19849.0,17125.0,16808.0,16204.0,16293.0,15587.0,16732.199999999997,529.7,1.96,464.3,16267.899999999998,17196.499999999996,3116.8,464.3,18.6,3.2,16732.2 (±464.3),3116.8 (±464.3),18.6% (±3.2%),479580,649.9,96.8,649.9(±96.8)
Total,Bulgaria,2020,19849.0,17125.0,16808.0,16204.0,16293.0,15587.0,16732.199999999997,529.7,1.96,464.3,16267.899999999998,17196.499999999996,3116.8,464.3,18.6,3.2,16732.2 (±464.3),3116.8 (±464.3),18.6% (±3.2%),473775,657.9,98.0,657.9(±98.0)
Total,Bulgaria,2020,19849.0,17125.0,16808.0,16204.0,16293.0,15587.0,16732.199999999997,529.7,1.96,464.3,16267.899999999998,17196.499999999996,3116.8,464.3,18.6,3.2,16732.2 (±464.3),3116.8 (±464.3),18.6% (±3.2%),474816,656.4,97.8,656.4(±97.8)
Total,Croatia,2020,6716.0,7224.0,6682.0,6640.0,6689.0,6181.0,6830.400000000002,330.6,1.96,289.8,6540.600000000002,7120.200000000003,-114.4,289.8,-1.7,4.0,6830.4 (±289.8),-114.4 (±289.8),-1.7% (±4.0%),277900,-41.2,104.3,-41.2(±104.3)
Total,Croatia,2020,6716.0,7224.0,6682.0,6640.0,6689.0,6181.0,6830.400000000002,330.6,1.96,289.8,6540.600000000002,7120.200000000003,-114.4,289.8,-1.7,4.0,6830.4 (±289.8),-114.4 (±289.8),-1.7% (±4.0%),266906,-42.9,108.6,-42.9(±108.6)
Total,Croatia,2020,6716.0,7224.0,6682.0,6640.0,6689.0,6181.0,6830.400000000002,330.6,1.96,289.8,6540.600000000002,7120.200000000003,-114.4,289.8,-1.7,4.0,6830.4 (±289.8),-114.4 (±289.8),-1.7% (±4.0%),280613,-40.8,103.3,-40.8(±103.3)
Total,Croatia,2020,6716.0,7224.0,6682.0,6640.0,6689.0,6181.0,6830.400000000002,330.6,1.96,289.8,6540.600000000002,7120.200000000003,-114.4,289.8,-1.7,4.0,6830.4 (±289.8),-114.4 (±289.8),-1.7% (±4.0%),290286,-39.4,99.8,-39.4(±99.8)
Total,Croatia,2020,6716.0,7224.0,6682.0,6640.0,6689.0,6181.0,6830.400000000002,330.6,1.96,289.8,6540.600000000002,7120.200000000003,-114.4,289.8,-1.7,4.0,6830.4 (±289.8),-114.4 (±289.8),-1.7% (±4.0%),295571,-38.7,98.0,-38.7(±98.0)
Total,Cyprus,2020,717.0,631.0,575.0,636.0,591.0,625.0,621.9999999999999,24.1,1.96,21.1,600.8999999999999,643.0999999999999,95.0,21.1,15.3,3.8,622.0 (±21.1),95.0 (±21.1),15.3% (±3.8%),58281,163.0,36.2,163.0(±36.2)
Total,Cyprus,2020,717.0,631.0,575.0,636.0,591.0,625.0,621.9999999999999,24.1,1.96,21.1,600.8999999999999,643.0999999999999,95.0,21.1,15.3,3.8,622.0 (±21.1),95.0 (±21.1),15.3% (±3.8%),53029,179.1,39.8,179.1(±39.8)
Total,Cyprus,2020,717.0,631.0,575.0,636.0,591.0,625.0,621.9999999999999,24.1,1.96,21.1,600.8999999999999,643.0999999999999,95.0,21.1,15.3,3.8,622.0 (±21.1),95.0 (±21.1),15.3% (±3.8%),53122,178.8,39.8,178.8(±39.8)
Total,Cyprus,2020,717.0,631.0,575.0,636.0,591.0,625.0,621.9999999999999,24.1,1.96,21.1,600.8999999999999,643.0999999999999,95.0,21.1,15.3,3.8,622.0 (±21.1),95.0 (±21.1),15.3% (±3.8%),54512,174.3,38.7,174.3(±38.7)
Total,Cyprus,2020,717.0,631.0,575.0,636.0,591.0,625.0,621.9999999999999,24.1,1.96,21.1,600.8999999999999,643.0999999999999,95.0,21.1,15.3,3.8,622.0 (±21.1),95.0 (±21.1),15.3% (±3.8%),49785,190.8,42.4,190.8(±42.4)
Total,Czechia,2020,15103.0,15183.0,14242.0,14077.0,13957.0,13573.0,14502.399999999998,535.8,1.96,469.6,14032.799999999997,14971.999999999998,600.6,469.6,4.1,3.2,14502.4 (±469.6),600.6 (±469.6),4.1% (±3.2%),923446,65.0,50.9,65.0(±50.9)
Total,Czechia,2020,15103.0,15183.0,14242.0,14077.0,13957.0,13573.0,14502.399999999998,535.8,1.96,469.6,14032.799999999997,14971.999999999998,600.6,469.6,4.1,3.2,14502.4 (±469.6),600.6 (±469.6),4.1% (±3.2%),839278,71.6,55.9,71.6(±55.9)
Total,Czechia,2020,15103.0,15183.0,14242.0,14077.0,13957.0,13573.0,14502.399999999998,535.8,1.96,469.6,14032.799999999997,14971.999999999998,600.6,469.6,4.1,3.2,14502.4 (±469.6),600.6 (±469.6),4.1% (±3.2%),686236,87.5,68.5,87.5(±68.5)
Total,Czechia,2020,15103.0,15183.0,14242.0,14077.0,13957.0,13573.0,14502.399999999998,535.8,1.96,469.6,14032.799999999997,14971.999999999998,600.6,469.6,4.1,3.2,14502.4 (±469.6),600.6 (±469.6),4.1% (±3.2%),653501,91.9,71.9,91.9(±71.9)
Total,Czechia,2020,15103.0,15183.0,14242.0,14077.0,13957.0,13573.0,14502.399999999998,535.8,1.96,469.6,14032.799999999997,14971.999999999998,600.6,469.6,4.1,3.2,14502.4 (±469.6),600.6 (±469.6),4.1% (±3.2%),651567,92.2,72.1,92.2(±72.1)
Total,Denmark,2020,5570.0,6456.0,6210.0,5873.0,5887.0,5599.0,6122.6,297.2,1.96,260.5,5862.1,6383.1,-552.6,260.5,-9.0,3.7,6122.6 (±260.5),-552.6 (±260.5),-9.0% (±3.7%),364159,-151.7,71.5,-151.7(±71.5)
Total,Denmark,2020,5570.0,6456.0,6210.0,5873.0,5887.0,5599.0,6122.6,297.2,1.96,260.5,5862.1,6383.1,-552.6,260.5,-9.0,3.7,6122.6 (±260.5),-552.6 (±260.5),-9.0% (±3.7%),391889,-141.0,66.5,-141.0(±66.5)
Total,Denmark,2020,5570.0,6456.0,6210.0,5873.0,5887.0,5599.0,6122.6,297.2,1.96,260.5,5862.1,6383.1,-552.6,260.5,-9.0,3.7,6122.6 (±260.5),-552.6 (±260.5),-9.0% (±3.7%),411906,-134.2,63.3,-134.2(±63.3)
Total,Denmark,2020,5570.0,6456.0,6210.0,5873.0,5887.0,5599.0,6122.6,297.2,1.96,260.5,5862.1,6383.1,-552.6,260.5,-9.0,3.7,6122.6 (±260.5),-552.6 (±260.5),-9.0% (±3.7%),388538,-142.2,67.0,-142.2(±67.0)
Total,Denmark,2020,5570.0,6456.0,6210.0,5873.0,5887.0,5599.0,6122.6,297.2,1.96,260.5,5862.1,6383.1,-552.6,260.5,-9.0,3.7,6122.6 (±260.5),-552.6 (±260.5),-9.0% (±3.7%),344371,-160.5,75.7,-160.5(±75.7)
Total,Estonia,2020,2350.0,2344.0,2248.0,2182.0,2178.0,2045.0,2237.0,97.8,1.96,85.7,2151.3,2322.7,113.0,85.7,5.1,3.9,2237.0 (±85.7),113.0 (±85.7),5.1% (±3.9%),91061,124.1,94.1,124.1(±94.1)
Total,Estonia,2020,2350.0,2344.0,2248.0,2182.0,2178.0,2045.0,2237.0,97.8,1.96,85.7,2151.3,2322.7,113.0,85.7,5.1,3.9,2237.0 (±85.7),113.0 (±85.7),5.1% (±3.9%),91734,123.2,93.4,123.2(±93.4)
Total,Estonia,2020,2350.0,2344.0,2248.0,2182.0,2178.0,2045.0,2237.0,97.8,1.96,85.7,2151.3,2322.7,113.0,85.7,5.1,3.9,2237.0 (±85.7),113.0 (±85.7),5.1% (±3.9%),83813,134.8,102.3,134.8(±102.3)
Total,Estonia,2020,2350.0,2344.0,2248.0,2182.0,2178.0,2045.0,2237.0,97.8,1.96,85.7,2151.3,2322.7,113.0,85.7,5.1,3.9,2237.0 (±85.7),113.0 (±85.7),5.1% (±3.9%),87640,128.9,97.8,128.9(±97.8)
Total,Estonia,2020,2350.0,2344.0,2248.0,2182.0,2178.0,2045.0,2237.0,97.8,1.96,85.7,2151.3,2322.7,113.0,85.7,5.1,3.9,2237.0 (±85.7),113.0 (±85.7),5.1% (±3.9%),85736,131.8,100.0,131.8(±100.0)
Total,Finland,2020,5463.0,6078.0,5743.0,5651.0,5564.0,5064.0,5740.799999999999,328.1,1.96,287.6,5453.199999999999,6028.4,-277.8,287.6,-4.8,4.6,5740.8 (±287.6),-277.8 (±287.6),-4.8% (±4.6%),346475,-80.2,83.0,-80.2(±83.0)
Total,Finland,2020,5463.0,6078.0,5743.0,5651.0,5564.0,5064.0,5740.799999999999,328.1,1.96,287.6,5453.199999999999,6028.4,-277.8,287.6,-4.8,4.6,5740.8 (±287.6),-277.8 (±287.6),-4.8% (±4.6%),314373,-88.4,91.5,-88.4(±91.5)
Total,Finland,2020,5463.0,6078.0,5743.0,5651.0,5564.0,5064.0,5740.799999999999,328.1,1.96,287.6,5453.199999999999,6028.4,-277.8,287.6,-4.8,4.6,5740.8 (±287.6),-277.8 (±287.6),-4.8% (±4.6%),355794,-78.1,80.9,-78.1(±80.9)
Total,Finland,2020,5463.0,6078.0,5743.0,5651.0,5564.0,5064.0,5740.799999999999,328.1,1.96,287.6,5453.199999999999,6028.4,-277.8,287.6,-4.8,4.6,5740.8 (±287.6),-277.8 (±287.6),-4.8% (±4.6%),368871,-75.3,78.0,-75.3(±78.0)
Total,Finland,2020,5463.0,6078.0,5743.0,5651.0,5564.0,5064.0,5740.799999999999,328.1,1.96,287.6,5453.199999999999,6028.4,-277.8,287.6,-4.8,4.6,5740.8 (±287.6),-277.8 (±287.6),-4.8% (±4.6%),359619,-77.2,79.9,-77.2(±79.9)
Total,France,2020,69811.0,72287.0,69972.0,68790.0,67562.0,65552.0,70241.39999999998,2263.2,1.96,1983.8,68257.59999999998,72225.19999999998,-430.4,1983.8,-0.6,2.7,70241.4 (±1983.8),-430.4 (±1983.8),-0.6% (±2.7%),4083561,-10.5,48.5,-10.5(±48.5)
Total,France,2020,69811.0,72287.0,69972.0,68790.0,67562.0,65552.0,70241.39999999998,2263.2,1.96,1983.8,68257.59999999998,72225.19999999998,-430.4,1983.8,-0.6,2.7,70241.4 (±1983.8),-430.4 (±1983.8),-0.6% (±2.7%),4523901,-9.5,43.8,-9.5(±43.8)
Total,France,2020,69811.0,72287.0,69972.0,68790.0,67562.0,65552.0,70241.39999999998,2263.2,1.96,1983.8,68257.59999999998,72225.19999999998,-430.4,1983.8,-0.6,2.7,70241.4 (±1983.8),-430.4 (±1983.8),-0.6% (±2.7%),4436298,-9.7,44.7,-9.7(±44.7)
Total,France,2020,69811.0,72287.0,69972.0,68790.0,67562.0,65552.0,70241.39999999998,2263.2,1.96,1983.8,68257.59999999998,72225.19999999998,-430.4,1983.8,-0.6,2.7,70241.4 (±1983.8),-430.4 (±1983.8),-0.6% (±2.7%),4369241,-9.9,45.5,-9.9(±45.5)
Total,France,2020,69811.0,72287.0,69972.0,68790.0,67562.0,65552.0,70241.39999999998,2263.2,1.96,1983.8,68257.59999999998,72225.19999999998,-430.4,1983.8,-0.6,2.7,70241.4 (±1983.8),-430.4 (±1983.8),-0.6% (±2.7%),4104649,-10.5,48.3,-10.5(±48.3)
Total,Greece,2020,12182.0,11816.0,11530.0,11637.0,11480.0,11419.0,11797.999999999998,139.5,1.96,122.3,11675.699999999999,11920.299999999997,384.0,122.3,3.3,1.1,11798.0 (±122.3),384.0 (±122.3),3.3% (±1.1%),799789,48.0,15.3,48.0(±15.3)
Total,Greece,2020,12182.0,11816.0,11530.0,11637.0,11480.0,11419.0,11797.999999999998,139.5,1.96,122.3,11675.699999999999,11920.299999999997,384.0,122.3,3.3,1.1,11798.0 (±122.3),384.0 (±122.3),3.3% (±1.1%),799716,48.0,15.3,48.0(±15.3)
Total,Greece,2020,12182.0,11816.0,11530.0,11637.0,11480.0,11419.0,11797.999999999998,139.5,1.96,122.3,11675.699999999999,11920.299999999997,384.0,122.3,3.3,1.1,11798.0 (±122.3),384.0 (±122.3),3.3% (±1.1%),797821,48.1,15.4,48.1(±15.4)
Total,Greece,2020,12182.0,11816.0,11530.0,11637.0,11480.0,11419.0,11797.999999999998,139.5,1.96,122.3,11675.699999999999,11920.299999999997,384.0,122.3,3.3,1.1,11798.0 (±122.3),384.0 (±122.3),3.3% (±1.1%),717651,53.5,17.0,53.5(±17.0)
Total,Greece,2020,12182.0,11816.0,11530.0,11637.0,11480.0,11419.0,11797.999999999998,139.5,1.96,122.3,11675.699999999999,11920.299999999997,384.0,122.3,3.3,1.1,11798.0 (±122.3),384.0 (±122.3),3.3% (±1.1%),682649,56.3,17.9,56.3(±17.9)
Total,Hungary,2020,22006.0,23851.0,22517.0,21719.0,21973.0,20138.0,22528.4,1202.7,1.96,1054.2,21474.2,23582.600000000002,-522.4,1054.2,-2.3,4.4,22528.4 (±1054.2),-522.4 (±1054.2),-2.3% (±4.4%),837893,-62.3,125.8,-62.3(±125.8)
Total,Hungary,2020,22006.0,23851.0,22517.0,21719.0,21973.0,20138.0,22528.4,1202.7,1.96,1054.2,21474.2,23582.600000000002,-522.4,1054.2,-2.3,4.4,22528.4 (±1054.2),-522.4 (±1054.2),-2.3% (±4.4%),749855,-69.7,140.6,-69.7(±140.6)
Total,Hungary,2020,22006.0,23851.0,22517.0,21719.0,21973.0,20138.0,22528.4,1202.7,1.96,1054.2,21474.2,23582.600000000002,-522.4,1054.2,-2.3,4.4,22528.4 (±1054.2),-522.4 (±1054.2),-2.3% (±4.4%),663102,-78.8,159.0,-78.8(±159.0)
Total,Hungary,2020,22006.0,23851.0,22517.0,21719.0,21973.0,20138.0,22528.4,1202.7,1.96,1054.2,21474.2,23582.600000000002,-522.4,1054.2,-2.3,4.4,22528.4 (±1054.2),-522.4 (±1054.2),-2.3% (±4.4%),572104,-91.3,184.3,-91.3(±184.3)
Total,Hungary,2020,22006.0,23851.0,22517.0,21719.0,21973.0,20138.0,22528.4,1202.7,1.96,1054.2,21474.2,23582.600000000002,-522.4,1054.2,-2.3,4.4,22528.4 (±1054.2),-522.4 (±1054.2),-2.3% (±4.4%),651379,-80.2,161.8,-80.2(±161.8)
Total,Iceland,2020,268.0,233.0,236.0,233.0,254.0,277.0,253.00000000000006,17.1,1.96,15.0,238.00000000000006,268.00000000000006,15.0,15.0,5.9,5.9,253.0 (±15.0),15.0 (±15.0),5.9% (±5.9%),24011,62.5,62.4,62.5(±62.4)
Total,Iceland,2020,268.0,233.0,236.0,233.0,254.0,277.0,253.00000000000006,17.1,1.96,15.0,238.00000000000006,268.00000000000006,15.0,15.0,5.9,5.9,253.0 (±15.0),15.0 (±15.0),5.9% (±5.9%),22965,65.3,65.3,65.3(±65.3)
Total,Iceland,2020,268.0,233.0,236.0,233.0,254.0,277.0,253.00000000000006,17.1,1.96,15.0,238.00000000000006,268.00000000000006,15.0,15.0,5.9,5.9,253.0 (±15.0),15.0 (±15.0),5.9% (±5.9%),22027,68.1,68.1,68.1(±68.1)
Total,Iceland,2020,268.0,233.0,236.0,233.0,254.0,277.0,253.00000000000006,17.1,1.96,15.0,238.00000000000006,268.00000000000006,15.0,15.0,5.9,5.9,253.0 (±15.0),15.0 (±15.0),5.9% (±5.9%),21965,68.3,68.3,68.3(±68.3)
Total,Iceland,2020,268.0,233.0,236.0,233.0,254.0,277.0,253.00000000000006,17.1,1.96,15.0,238.00000000000006,268.00000000000006,15.0,15.0,5.9,5.9,253.0 (±15.0),15.0 (±15.0),5.9% (±5.9%),20433,73.4,73.4,73.4(±73.4)
Total,Italy,2020,57752.0,53841.0,51123.0,51312.0,50453.0,49508.0,52326.59999999999,1442.4,1.96,1264.3,51062.29999999999,53590.899999999994,5425.4,1264.3,10.4,2.6,52326.6 (±1264.3),5425.4 (±1264.3),10.4% (±2.6%),4187464,129.6,30.2,129.6(±30.2)
Total,Italy,2020,57752.0,53841.0,51123.0,51312.0,50453.0,49508.0,52326.59999999999,1442.4,1.96,1264.3,51062.29999999999,53590.899999999994,5425.4,1264.3,10.4,2.6,52326.6 (±1264.3),5425.4 (±1264.3),10.4% (±2.6%),4749765,114.2,26.6,114.2(±26.6)
Total,Italy,2020,57752.0,53841.0,51123.0,51312.0,50453.0,49508.0,52326.59999999999,1442.4,1.96,1264.3,51062.29999999999,53590.899999999994,5425.4,1264.3,10.4,2.6,52326.6 (±1264.3),5425.4 (±1264.3),10.4% (±2.6%),4876704,111.3,25.9,111.3(±25.9)
Total,Italy,2020,57752.0,53841.0,51123.0,51312.0,50453.0,49508.0,52326.59999999999,1442.4,1.96,1264.3,51062.29999999999,53590.899999999994,5425.4,1264.3,10.4,2.6,52326.6 (±1264.3),5425.4 (±1264.3),10.4% (±2.6%),4537491,119.6,27.8,119.6(±27.8)
Total,Italy,2020,57752.0,53841.0,51123.0,51312.0,50453.0,49508.0,52326.59999999999,1442.4,1.96,1264.3,51062.29999999999,53590.899999999994,5425.4,1264.3,10.4,2.6,52326.6 (±1264.3),5425.4 (±1264.3),10.4% (±2.6%),3893350,139.4,32.4,139.4(±32.4)
Total,Latvia,2020,4543.0,4947.0,4680.0,4688.0,4737.0,4346.0,4777.199999999999,193.0,1.96,169.2,4607.999999999999,4946.399999999999,-234.2,169.2,-4.9,3.3,4777.2 (±169.2),-234.2 (±169.2),-4.9% (±3.3%),124087,-188.7,136.3,-188.7(±136.3)
Total,Latvia,2020,4543.0,4947.0,4680.0,4688.0,4737.0,4346.0,4777.199999999999,193.0,1.96,169.2,4607.999999999999,4946.399999999999,-234.2,169.2,-4.9,3.3,4777.2 (±169.2),-234.2 (±169.2),-4.9% (±3.3%),131906,-177.6,128.3,-177.6(±128.3)
Total,Latvia,2020,4543.0,4947.0,4680.0,4688.0,4737.0,4346.0,4777.199999999999,193.0,1.96,169.2,4607.999999999999,4946.399999999999,-234.2,169.2,-4.9,3.3,4777.2 (±169.2),-234.2 (±169.2),-4.9% (±3.3%),127715,-183.4,132.5,-183.4(±132.5)
Total,Latvia,2020,4543.0,4947.0,4680.0,4688.0,4737.0,4346.0,4777.199999999999,193.0,1.96,169.2,4607.999999999999,4946.399999999999,-234.2,169.2,-4.9,3.3,4777.2 (±169.2),-234.2 (±169.2),-4.9% (±3.3%),138282,-169.4,122.4,-169.4(±122.4)
Total,Latvia,2020,4543.0,4947.0,4680.0,4688.0,4737.0,4346.0,4777.199999999999,193.0,1.96,169.2,4607.999999999999,4946.399999999999,-234.2,169.2,-4.9,3.3,4777.2 (±169.2),-234.2 (±169.2),-4.9% (±3.3%),131847,-177.6,128.3,-177.6(±128.3)
Total,Liechtenstein,2020,26.0,35.0,28.0,35.0,24.0,27.0,30.599999999999998,4.4,1.96,3.9,26.7,34.5,-4.6,3.9,-15.0,9.6,30.6 (±3.9),-4.6 (±3.9),-15.0% (±9.6%),2562,-179.5,152.2,-179.5(±152.2)
Total,Liechtenstein,2020,26.0,35.0,28.0,35.0,24.0,27.0,30.599999999999998,4.4,1.96,3.9,26.7,34.5,-4.6,3.9,-15.0,9.6,30.6 (±3.9),-4.6 (±3.9),-15.0% (±9.6%),2937,-156.6,132.8,-156.6(±132.8)
Total,Liechtenstein,2020,26.0,35.0,28.0,35.0,24.0,27.0,30.599999999999998,4.4,1.96,3.9,26.7,34.5,-4.6,3.9,-15.0,9.6,30.6 (±3.9),-4.6 (±3.9),-15.0% (±9.6%),3245,-141.8,120.2,-141.8(±120.2)
Total,Liechtenstein,2020,26.0,35.0,28.0,35.0,24.0,27.0,30.599999999999998,4.4,1.96,3.9,26.7,34.5,-4.6,3.9,-15.0,9.6,30.6 (±3.9),-4.6 (±3.9),-15.0% (±9.6%),3149,-146.1,123.9,-146.1(±123.9)
Total,Liechtenstein,2020,26.0,35.0,28.0,35.0,24.0,27.0,30.599999999999998,4.4,1.96,3.9,26.7,34.5,-4.6,3.9,-15.0,9.6,30.6 (±3.9),-4.6 (±3.9),-15.0% (±9.6%),2637,-174.4,147.9,-174.4(±147.9)
Total,Lithuania,2020,7464.0,7520.0,7158.0,6356.0,6265.0,6197.0,6854.4,537.2,1.96,470.9,6383.5,7325.299999999999,609.6,470.9,8.9,7.0,6854.4 (±470.9),609.6 (±470.9),8.9% (±7.0%),174252,349.8,270.3,349.8(±270.3)
Total,Lithuania,2020,7464.0,7520.0,7158.0,6356.0,6265.0,6197.0,6854.4,537.2,1.96,470.9,6383.5,7325.299999999999,609.6,470.9,8.9,7.0,6854.4 (±470.9),609.6 (±470.9),8.9% (±7.0%),195470,311.9,240.9,311.9(±240.9)
Total,Lithuania,2020,7464.0,7520.0,7158.0,6356.0,6265.0,6197.0,6854.4,537.2,1.96,470.9,6383.5,7325.299999999999,609.6,470.9,8.9,7.0,6854.4 (±470.9),609.6 (±470.9),8.9% (±7.0%),201308,302.8,233.9,302.8(±233.9)
Total,Lithuania,2020,7464.0,7520.0,7158.0,6356.0,6265.0,6197.0,6854.4,537.2,1.96,470.9,6383.5,7325.299999999999,609.6,470.9,8.9,7.0,6854.4 (±470.9),609.6 (±470.9),8.9% (±7.0%),217731,280.0,216.3,280.0(±216.3)
Total,Lithuania,2020,7464.0,7520.0,7158.0,6356.0,6265.0,6197.0,6854.4,537.2,1.96,470.9,6383.5,7325.299999999999,609.6,470.9,8.9,7.0,6854.4 (±470.9),609.6 (±470.9),8.9% (±7.0%),196708,309.9,239.4,309.9(±239.4)
Total,Luxembourg,2020,550.0,482.0,517.0,510.0,515.0,527.0,523.8,15.1,1.96,13.2,510.59999999999997,537.0,26.2,13.2,5.0,2.6,523.8 (±13.2),26.2 (±13.2),5.0% (±2.6%),47058,55.7,28.0,55.7(±28.0)
Total,Luxembourg,2020,550.0,482.0,517.0,510.0,515.0,527.0,523.8,15.1,1.96,13.2,510.59999999999997,537.0,26.2,13.2,5.0,2.6,523.8 (±13.2),26.2 (±13.2),5.0% (±2.6%),46134,56.8,28.6,56.8(±28.6)
Total,Luxembourg,2020,550.0,482.0,517.0,510.0,515.0,527.0,523.8,15.1,1.96,13.2,510.59999999999997,537.0,26.2,13.2,5.0,2.6,523.8 (±13.2),26.2 (±13.2),5.0% (±2.6%),47000,55.7,28.1,55.7(±28.1)
Total,Luxembourg,2020,550.0,482.0,517.0,510.0,515.0,527.0,523.8,15.1,1.96,13.2,510.59999999999997,537.0,26.2,13.2,5.0,2.6,523.8 (±13.2),26.2 (±13.2),5.0% (±2.6%),42549,61.6,31.0,61.6(±31.0)
Total,Luxembourg,2020,550.0,482.0,517.0,510.0,515.0,527.0,523.8,15.1,1.96,13.2,510.59999999999997,537.0,26.2,13.2,5.0,2.6,523.8 (±13.2),26.2 (±13.2),5.0% (±2.6%),34475,76.0,38.3,76.0(±38.3)
Total,Malta,2020,416.0,389.0,374.0,374.0,396.0,357.0,385.99999999999994,13.5,1.96,11.8,374.19999999999993,397.79999999999995,30.0,11.8,7.8,3.2,386.0 (±11.8),30.0 (±11.8),7.8% (±3.2%),37793,79.4,31.2,79.4(±31.2)
Total,Malta,2020,416.0,389.0,374.0,374.0,396.0,357.0,385.99999999999994,13.5,1.96,11.8,374.19999999999993,397.79999999999995,30.0,11.8,7.8,3.2,386.0 (±11.8),30.0 (±11.8),7.8% (±3.2%),32262,93.0,36.6,93.0(±36.6)
Total,Malta,2020,416.0,389.0,374.0,374.0,396.0,357.0,385.99999999999994,13.5,1.96,11.8,374.19999999999993,397.79999999999995,30.0,11.8,7.8,3.2,386.0 (±11.8),30.0 (±11.8),7.8% (±3.2%),28305,106.0,41.7,106.0(±41.7)
Total,Malta,2020,416.0,389.0,374.0,374.0,396.0,357.0,385.99999999999994,13.5,1.96,11.8,374.19999999999993,397.79999999999995,30.0,11.8,7.8,3.2,386.0 (±11.8),30.0 (±11.8),7.8% (±3.2%),30863,97.2,38.2,97.2(±38.2)
Total,Malta,2020,416.0,389.0,374.0,374.0,396.0,357.0,385.99999999999994,13.5,1.96,11.8,374.19999999999993,397.79999999999995,30.0,11.8,7.8,3.2,386.0 (±11.8),30.0 (±11.8),7.8% (±3.2%),31108,96.4,38.0,96.4(±38.0)
Total,Netherlands,2020,15969.0,16399.0,15905.0,15460.0,15357.0,14892.0,15913.0,512.1,1.96,448.9,15464.1,16361.9,56.0,448.9,0.4,2.8,15913.0 (±448.9),56.0 (±448.9),0.4% (±2.8%),1022008,5.5,43.9,5.5(±43.9)
Total,Netherlands,2020,15969.0,16399.0,15905.0,15460.0,15357.0,14892.0,15913.0,512.1,1.96,448.9,15464.1,16361.9,56.0,448.9,0.4,2.8,15913.0 (±448.9),56.0 (±448.9),0.4% (±2.8%),1186068,4.7,37.9,4.7(±37.9)
Total,Netherlands,2020,15969.0,16399.0,15905.0,15460.0,15357.0,14892.0,15913.0,512.1,1.96,448.9,15464.1,16361.9,56.0,448.9,0.4,2.8,15913.0 (±448.9),56.0 (±448.9),0.4% (±2.8%),1281826,4.4,35.0,4.4(±35.0)
Total,Netherlands,2020,15969.0,16399.0,15905.0,15460.0,15357.0,14892.0,15913.0,512.1,1.96,448.9,15464.1,16361.9,56.0,448.9,0.4,2.8,15913.0 (±448.9),56.0 (±448.9),0.4% (±2.8%),1250592,4.5,35.9,4.5(±35.9)
Total,Netherlands,2020,15969.0,16399.0,15905.0,15460.0,15357.0,14892.0,15913.0,512.1,1.96,448.9,15464.1,16361.9,56.0,448.9,0.4,2.8,15913.0 (±448.9),56.0 (±448.9),0.4% (±2.8%),1117798,5.0,40.2,5.0(±40.2)
Total,Norway,2020,3727.0,4062.0,3981.0,3819.0,3803.0,3724.0,3955.3999999999987,124.3,1.96,109.0,3846.3999999999987,4064.3999999999987,-228.4,109.0,-5.8,2.5,3955.4 (±109.0),-228.4 (±109.0),-5.8% (±2.5%),347515,-65.7,31.3,-65.7(±31.3)
Total,Norway,2020,3727.0,4062.0,3981.0,3819.0,3803.0,3724.0,3955.3999999999987,124.3,1.96,109.0,3846.3999999999987,4064.3999999999987,-228.4,109.0,-5.8,2.5,3955.4 (±109.0),-228.4 (±109.0),-5.8% (±2.5%),376148,-60.7,29.0,-60.7(±29.0)
Total,Norway,2020,3727.0,4062.0,3981.0,3819.0,3803.0,3724.0,3955.3999999999987,124.3,1.96,109.0,3846.3999999999987,4064.3999999999987,-228.4,109.0,-5.8,2.5,3955.4 (±109.0),-228.4 (±109.0),-5.8% (±2.5%),371931,-61.4,29.3,-61.4(±29.3)
Total,Norway,2020,3727.0,4062.0,3981.0,3819.0,3803.0,3724.0,3955.3999999999987,124.3,1.96,109.0,3846.3999999999987,4064.3999999999987,-228.4,109.0,-5.8,2.5,3955.4 (±109.0),-228.4 (±109.0),-5.8% (±2.5%),331899,-68.8,32.8,-68.8(±32.8)
Total,Norway,2020,3727.0,4062.0,3981.0,3819.0,3803.0,3724.0,3955.3999999999987,124.3,1.96,109.0,3846.3999999999987,4064.3999999999987,-228.4,109.0,-5.8,2.5,3955.4 (±109.0),-228.4 (±109.0),-5.8% (±2.5%),307223,-74.3,35.4,-74.3(±35.4)
Total,Poland,2020,75954.0,76731.0,72326.0,70737.0,70473.0,67728.0,73109.4,2961.8,1.96,2596.1,70513.29999999999,75705.5,2844.6,2596.1,3.9,3.6,73109.4 (±2596.1),2844.6 (±2596.1),3.9% (±3.6%),2962472,96.0,87.7,96.0(±87.7)
Total,Poland,2020,75954.0,76731.0,72326.0,70737.0,70473.0,67728.0,73109.4,2961.8,1.96,2596.1,70513.29999999999,75705.5,2844.6,2596.1,3.9,3.6,73109.4 (±2596.1),2844.6 (±2596.1),3.9% (±3.6%),2555771,111.3,101.6,111.3(±101.6)
Total,Poland,2020,75954.0,76731.0,72326.0,70737.0,70473.0,67728.0,73109.4,2961.8,1.96,2596.1,70513.29999999999,75705.5,2844.6,2596.1,3.9,3.6,73109.4 (±2596.1),2844.6 (±2596.1),3.9% (±3.6%),2233905,127.3,116.3,127.3(±116.3)
Total,Poland,2020,75954.0,76731.0,72326.0,70737.0,70473.0,67728.0,73109.4,2961.8,1.96,2596.1,70513.29999999999,75705.5,2844.6,2596.1,3.9,3.6,73109.4 (±2596.1),2844.6 (±2596.1),3.9% (±3.6%),2372474,119.9,109.4,119.9(±109.4)
Total,Poland,2020,75954.0,76731.0,72326.0,70737.0,70473.0,67728.0,73109.4,2961.8,1.96,2596.1,70513.29999999999,75705.5,2844.6,2596.1,3.9,3.6,73109.4 (±2596.1),2844.6 (±2596.1),3.9% (±3.6%),2731788,104.1,95.1,104.1(±95.1)
Total,Portugal,2020,12694.0,11809.0,11916.0,11794.0,11758.0,11488.0,12013.800000000001,142.6,1.96,125.0,11888.800000000001,12138.800000000001,680.2,125.0,5.7,1.1,12013.8 (±125.0),680.2 (±125.0),5.7% (±1.1%),784224,86.7,16.0,86.7(±16.0)
Total,Portugal,2020,12694.0,11809.0,11916.0,11794.0,11758.0,11488.0,12013.800000000001,142.6,1.96,125.0,11888.800000000001,12138.800000000001,680.2,125.0,5.7,1.1,12013.8 (±125.0),680.2 (±125.0),5.7% (±1.1%),789733,86.1,15.9,86.1(±15.9)
Total,Portugal,2020,12694.0,11809.0,11916.0,11794.0,11758.0,11488.0,12013.800000000001,142.6,1.96,125.0,11888.800000000001,12138.800000000001,680.2,125.0,5.7,1.1,12013.8 (±125.0),680.2 (±125.0),5.7% (±1.1%),745178,91.3,16.8,91.3(±16.8)
Total,Portugal,2020,12694.0,11809.0,11916.0,11794.0,11758.0,11488.0,12013.800000000001,142.6,1.96,125.0,11888.800000000001,12138.800000000001,680.2,125.0,5.7,1.1,12013.8 (±125.0),680.2 (±125.0),5.7% (±1.1%),740141,91.9,16.9,91.9(±16.9)
Total,Portugal,2020,12694.0,11809.0,11916.0,11794.0,11758.0,11488.0,12013.800000000001,142.6,1.96,125.0,11888.800000000001,12138.800000000001,680.2,125.0,5.7,1.1,12013.8 (±125.0),680.2 (±125.0),5.7% (±1.1%),676762,100.5,18.5,100.5(±18.5)
Total,Romania,2020,50397.0,45898.0,45219.0,44143.0,44875.0,43323.0,45661.200000000004,887.8,1.96,778.2,44883.00000000001,46439.4,4735.8,778.2,10.4,1.9,45661.2 (±778.2),4735.8 (±778.2),10.4% (±1.9%),1536588,308.2,50.6,308.2(±50.6)
Total,Romania,2020,50397.0,45898.0,45219.0,44143.0,44875.0,43323.0,45661.200000000004,887.8,1.96,778.2,44883.00000000001,46439.4,4735.8,778.2,10.4,1.9,45661.2 (±778.2),4735.8 (±778.2),10.4% (±1.9%),1483204,319.3,52.5,319.3(±52.5)
Total,Romania,2020,50397.0,45898.0,45219.0,44143.0,44875.0,43323.0,45661.200000000004,887.8,1.96,778.2,44883.00000000001,46439.4,4735.8,778.2,10.4,1.9,45661.2 (±778.2),4735.8 (±778.2),10.4% (±1.9%),1479299,320.1,52.6,320.1(±52.6)
Total,Romania,2020,50397.0,45898.0,45219.0,44143.0,44875.0,43323.0,45661.200000000004,887.8,1.96,778.2,44883.00000000001,46439.4,4735.8,778.2,10.4,1.9,45661.2 (±778.2),4735.8 (±778.2),10.4% (±1.9%),1062251,445.8,73.3,445.8(±73.3)
Total,Romania,2020,50397.0,45898.0,45219.0,44143.0,44875.0,43323.0,45661.200000000004,887.8,1.96,778.2,44883.00000000001,46439.4,4735.8,778.2,10.4,1.9,45661.2 (±778.2),4735.8 (±778.2),10.4% (±1.9%),1297311,365.0,60.0,365.0(±60.0)
Total,Slovakia,2020,9780.0,10409.0,9769.0,9596.0,9570.0,9001.0,9849.8,451.4,1.96,395.7,9454.099999999999,10245.5,-69.8,395.7,-0.7,3.8,9849.8 (±395.7),-69.8 (±395.7),-0.7% (±3.8%),455315,-15.3,86.9,-15.3(±86.9)
Total,Slovakia,2020,9780.0,10409.0,9769.0,9596.0,9570.0,9001.0,9849.8,451.4,1.96,395.7,9454.099999999999,10245.5,-69.8,395.7,-0.7,3.8,9849.8 (±395.7),-69.8 (±395.7),-0.7% (±3.8%),398549,-17.5,99.3,-17.5(±99.3)
Total,Slovakia,2020,9780.0,10409.0,9769.0,9596.0,9570.0,9001.0,9849.8,451.4,1.96,395.7,9454.099999999999,10245.5,-69.8,395.7,-0.7,3.8,9849.8 (±395.7),-69.8 (±395.7),-0.7% (±3.8%),346980,-20.1,114.0,-20.1(±114.0)
Total,Slovakia,2020,9780.0,10409.0,9769.0,9596.0,9570.0,9001.0,9849.8,451.4,1.96,395.7,9454.099999999999,10245.5,-69.8,395.7,-0.7,3.8,9849.8 (±395.7),-69.8 (±395.7),-0.7% (±3.8%),357920,-19.5,110.6,-19.5(±110.6)
Total,Slovakia,2020,9780.0,10409.0,9769.0,9596.0,9570.0,9001.0,9849.8,451.4,1.96,395.7,9454.099999999999,10245.5,-69.8,395.7,-0.7,3.8,9849.8 (±395.7),-69.8 (±395.7),-0.7% (±3.8%),359913,-19.4,109.9,-19.4(±109.9)
Total,Slovenia,2020,2486.0,2739.0,2565.0,2599.0,2456.0,2301.0,2564.8,146.7,1.96,128.6,2436.2000000000003,2693.4,-78.8,128.6,-3.1,4.6,2564.8 (±128.6),-78.8 (±128.6),-3.1% (±4.6%),159721,-49.3,80.5,-49.3(±80.5)
Total,Slovenia,2020,2486.0,2739.0,2565.0,2599.0,2456.0,2301.0,2564.8,146.7,1.96,128.6,2436.2000000000003,2693.4,-78.8,128.6,-3.1,4.6,2564.8 (±128.6),-78.8 (±128.6),-3.1% (±4.6%),148966,-52.9,86.3,-52.9(±86.3)
Total,Slovenia,2020,2486.0,2739.0,2565.0,2599.0,2456.0,2301.0,2564.8,146.7,1.96,128.6,2436.2000000000003,2693.4,-78.8,128.6,-3.1,4.6,2564.8 (±128.6),-78.8 (±128.6),-3.1% (±4.6%),152755,-51.6,84.2,-51.6(±84.2)
Total,Slovenia,2020,2486.0,2739.0,2565.0,2599.0,2456.0,2301.0,2564.8,146.7,1.96,128.6,2436.2000000000003,2693.4,-78.8,128.6,-3.1,4.6,2564.8 (±128.6),-78.8 (±128.6),-3.1% (±4.6%),150370,-52.4,85.5,-52.4(±85.5)
Total,Slovenia,2020,2486.0,2739.0,2565.0,2599.0,2456.0,2301.0,2564.8,146.7,1.96,128.6,2436.2000000000003,2693.4,-78.8,128.6,-3.1,4.6,2564.8 (±128.6),-78.8 (±128.6),-3.1% (±4.6%),144747,-54.4,88.8,-54.4(±88.8)
Total,Spain,2020,48530.0,42710.0,41641.0,41697.0,41975.0,41862.0,42803.4,385.2,1.96,337.6,42465.8,43141.0,5726.6,337.6,13.4,0.9,42803.4 (±337.6),5726.6 (±337.6),13.4% (±0.9%),3954989,144.8,8.5,144.8(±8.5)
Total,Spain,2020,48530.0,42710.0,41641.0,41697.0,41975.0,41862.0,42803.4,385.2,1.96,337.6,42465.8,43141.0,5726.6,337.6,13.4,0.9,42803.4 (±337.6),5726.6 (±337.6),13.4% (±0.9%),3878629,147.6,8.7,147.6(±8.7)
Total,Spain,2020,48530.0,42710.0,41641.0,41697.0,41975.0,41862.0,42803.4,385.2,1.96,337.6,42465.8,43141.0,5726.6,337.6,13.4,0.9,42803.4 (±337.6),5726.6 (±337.6),13.4% (±0.9%),3666924,156.2,9.2,156.2(±9.2)
Total,Spain,2020,48530.0,42710.0,41641.0,41697.0,41975.0,41862.0,42803.4,385.2,1.96,337.6,42465.8,43141.0,5726.6,337.6,13.4,0.9,42803.4 (±337.6),5726.6 (±337.6),13.4% (±0.9%),3368279,170.0,10.0,170.0(±10.0)
Total,Spain,2020,48530.0,42710.0,41641.0,41697.0,41975.0,41862.0,42803.4,385.2,1.96,337.6,42465.8,43141.0,5726.6,337.6,13.4,0.9,42803.4 (±337.6),5726.6 (±337.6),13.4% (±0.9%),2918845,196.2,11.6,196.2(±11.6)
Total,Sweden,2020,6581.0,7263.0,6687.0,6606.0,6405.0,6064.0,6732.200000000001,393.0,1.96,344.5,6387.700000000001,7076.700000000001,-151.2,344.5,-2.2,4.8,6732.2 (±344.5),-151.2 (±344.5),-2.2% (±4.8%),631263,-24.0,54.6,-24.0(±54.6)
Total,Sweden,2020,6581.0,7263.0,6687.0,6606.0,6405.0,6064.0,6732.200000000001,393.0,1.96,344.5,6387.700000000001,7076.700000000001,-151.2,344.5,-2.2,4.8,6732.2 (±344.5),-151.2 (±344.5),-2.2% (±4.8%),667092,-22.7,51.7,-22.7(±51.7)
Total,Sweden,2020,6581.0,7263.0,6687.0,6606.0,6405.0,6064.0,6732.200000000001,393.0,1.96,344.5,6387.700000000001,7076.700000000001,-151.2,344.5,-2.2,4.8,6732.2 (±344.5),-151.2 (±344.5),-2.2% (±4.8%),677755,-22.3,50.8,-22.3(±50.8)
Total,Sweden,2020,6581.0,7263.0,6687.0,6606.0,6405.0,6064.0,6732.200000000001,393.0,1.96,344.5,6387.700000000001,7076.700000000001,-151.2,344.5,-2.2,4.8,6732.2 (±344.5),-151.2 (±344.5),-2.2% (±4.8%),620108,-24.4,55.6,-24.4(±55.6)
Total,Sweden,2020,6581.0,7263.0,6687.0,6606.0,6405.0,6064.0,6732.200000000001,393.0,1.96,344.5,6387.700000000001,7076.700000000001,-151.2,344.5,-2.2,4.8,6732.2 (±344.5),-151.2 (±344.5),-2.2% (±4.8%),568390,-26.6,60.6,-26.6(±60.6)
Total,Switzerland,2020,6187.0,6378.0,6040.0,6087.0,6109.0,5874.0,6211.199999999999,162.6,1.96,142.5,6068.699999999999,6353.699999999999,-24.2,142.5,-0.4,2.2,6211.2 (±142.5),-24.2 (±142.5),-0.4% (±2.2%),588156,-4.1,24.2,-4.1(±24.2)
Total,Switzerland,2020,6187.0,6378.0,6040.0,6087.0,6109.0,5874.0,6211.199999999999,162.6,1.96,142.5,6068.699999999999,6353.699999999999,-24.2,142.5,-0.4,2.2,6211.2 (±142.5),-24.2 (±142.5),-0.4% (±2.2%),610169,-4.0,23.4,-4.0(±23.4)
Total,Switzerland,2020,6187.0,6378.0,6040.0,6087.0,6109.0,5874.0,6211.199999999999,162.6,1.96,142.5,6068.699999999999,6353.699999999999,-24.2,142.5,-0.4,2.2,6211.2 (±142.5),-24.2 (±142.5),-0.4% (±2.2%),662817,-3.7,21.5,-3.7(±21.5)
Total,Switzerland,2020,6187.0,6378.0,6040.0,6087.0,6109.0,5874.0,6211.199999999999,162.6,1.96,142.5,6068.699999999999,6353.699999999999,-24.2,142.5,-0.4,2.2,6211.2 (±142.5),-24.2 (±142.5),-0.4% (±2.2%),630020,-3.8,22.6,-3.8(±22.6)
Total,Switzerland,2020,6187.0,6378.0,6040.0,6087.0,6109.0,5874.0,6211.199999999999,162.6,1.96,142.5,6068.699999999999,6353.699999999999,-24.2,142.5,-0.4,2.2,6211.2 (±142.5),-24.2 (±142.5),-0.4% (±2.2%),517347,-4.7,27.6,-4.7(±27.6)
